company_name,stand_number,ai-start,ai-data-mess,mtd-volume,mtd-clients,margin,hiring,retention,burnout,docs,chasing,defensible-files,aml,disconnected,ai-roi,advisory,advisory-charge,winning,ai-team,cyber,penalties,frs102,portal,ai-govern,ai-skills,onboarding,month-end,bankfeeds,cpd,career,leadership,cashflow,pe,exit,outsource,niche,cross-border,rd,top_tags
123 Sheets,770,0.00,0.00,1.00,0.80,0.30,0.00,0.00,0.60,0.00,0.30,0.00,0.00,0.30,0.00,0.00,0.00,0.00,0.00,0.00,0.60,0.00,0.60,0.00,0.00,0.00,0.00,0.00,0.00,0.00,0.00,0.00,0.00,0.00,0.00,0.00,0.00,0.00,mtd-volume(1.00)|mtd-clients(0.80)|burnout(0.60)
20:20 Innovation,1130,0.00,0.00,0.30,0.00,0.30,0.60,0.30,0.00,0.00,0.00,0.00,0.30,0.00,0.00,0.30,0.00,0.60,0.00,0.00,0.30,0.00,0.00,0.00,0.60,0.00,0.00,0.00,1.00,0.30,0.30,0.00,0.00,0.00,0.00,0.00,0.00,0.00,cpd(1.00)|hiring(0.60)|winning(0.60)
Access PaySuite,960,0.00,0.00,0.30,0.00,0.20,0.00,0.00,0.30,0.00,0.40,0.00,0.00,0.20,0.00,0.00,0.00,0.00,0.00,0.30,0.00,0.00,0.10,0.00,0.00,0.20,0.30,0.60,0.00,0.00,0.00,0.70,0.00,0.00,0.00,0.00,0.50,0.00,cashflow(0.70)|bankfeeds(0.60)|cross-border(0.50)
Accountant_she,1871,0.00,0.00,0.00,0.00,0.30,0.80,0.80,0.60,0.00,0.00,0.00,0.00,0.00,0.00,0.00,0.00,0.30,0.00,0.00,0.00,0.00,0.00,0.00,0.00,0.00,0.00,0.00,0.60,0.60,0.80,0.00,0.00,0.00,0.00,0.00,0.00,0.00,hiring(0.80)|retention(0.80)|leadership(0.80)
Accounting Flow,1563,0.60,0.70,0.40,0.20,0.60,0.00,0.00,0.50,0.80,0.60,0.60,0.20,0.50,0.50,0.30,0.60,0.60,0.30,0.20,0.20,0.00,0.40,0.20,0.10,0.50,0.30,0.20,0.00,0.00,0.00,0.50,0.00,0.00,0.00,0.00,0.00,0.00,docs(0.80)|ai-data-mess(0.70)|ai-start(0.60)
AccountingCPD,1210,0.00,0.00,0.30,0.30,0.00,0.60,0.60,0.30,0.00,0.00,0.00,0.30,0.00,0.00,0.30,0.00,0.00,0.00,0.00,0.30,0.60,0.00,0.00,0.80,0.00,0.00,0.00,1.00,0.80,0.60,0.00,0.00,0.00,0.00,0.00,0.30,0.30,cpd(1.00)|ai-skills(0.80)|career(0.80)
Accountinuity CIC,380,0.00,0.00,0.30,0.00,0.60,0.70,0.60,0.80,0.00,0.30,0.00,0.00,0.00,0.00,0.30,0.00,0.00,0.00,0.00,0.00,0.00,0.00,0.00,0.00,0.30,0.40,0.00,0.00,0.00,0.00,0.00,0.00,0.30,1.00,0.00,0.00,0.00,outsource(1.00)|burnout(0.80)|hiring(0.70)
AccountsIQ Group,1630,0.30,0.60,0.30,0.00,0.40,0.00,0.00,0.50,0.30,0.40,0.20,0.00,0.60,0.50,0.00,0.00,0.00,0.20,0.10,0.00,0.00,0.20,0.00,0.00,0.30,0.70,0.00,0.00,0.00,0.00,0.40,0.00,0.00,0.00,0.00,0.10,0.00,month-end(0.70)|ai-data-mess(0.60)|disconnected(0.60)
ACENTEUS CCA GLOBAL,514,0.30,0.20,0.70,0.20,0.60,0.80,0.50,0.80,0.10,0.30,0.20,0.20,0.20,0.40,0.60,0.20,0.20,0.10,0.10,0.30,0.00,0.10,0.10,0.30,0.40,0.50,0.10,0.00,0.00,0.00,0.00,0.00,0.00,1.00,0.00,0.10,0.00,outsource(1.00)|hiring(0.80)|burnout(0.80)
Acting Office,1550,0.00,0.30,0.00,0.00,0.30,0.00,0.00,0.30,0.80,0.60,0.60,0.80,1.00,0.00,0.00,0.60,0.60,0.00,0.70,0.00,0.00,0.60,0.00,0.00,0.80,0.30,0.00,0.00,0.00,0.00,0.00,0.00,0.00,0.00,0.00,0.00,0.00,disconnected(1.00)|docs(0.80)|aml(0.80)
Adfin,1364,0.30,0.00,0.00,0.00,0.70,0.00,0.00,0.40,0.00,0.80,0.00,0.00,0.30,0.60,0.00,0.00,0.00,0.20,0.30,0.00,0.00,0.30,0.00,0.00,0.00,0.00,0.40,0.00,0.00,0.00,1.00,0.00,0.00,0.00,0.00,0.30,0.00,cashflow(1.00)|chasing(0.80)|margin(0.70)
Adsum,1870,0.60,0.70,0.80,0.30,0.30,0.00,0.00,0.40,0.50,0.30,0.60,0.30,0.60,0.50,0.00,0.00,0.00,0.20,0.20,0.50,0.00,0.30,0.30,0.00,0.40,0.50,0.40,0.00,0.00,0.00,0.30,0.00,0.00,0.00,0.00,0.00,0.00,mtd-volume(0.80)|ai-data-mess(0.70)|ai-start(0.60)
Advancetrack,1060,0.00,0.00,0.60,0.00,0.70,0.80,0.00,0.80,0.00,0.30,0.00,0.00,0.00,0.00,0.00,0.00,0.00,0.00,0.30,0.00,0.00,0.00,0.00,0.00,0.30,0.60,0.00,0.00,0.00,0.00,0.00,0.00,0.00,1.00,0.00,0.30,0.00,outsource(1.00)|hiring(0.80)|burnout(0.80)
Advantage Business Systems,524,0.60,0.30,0.30,0.00,0.30,0.00,0.00,0.30,0.20,0.40,0.20,0.00,0.60,0.40,0.30,0.50,0.60,0.20,0.30,0.00,0.00,0.30,0.20,0.30,0.20,0.40,0.30,0.00,0.00,0.00,0.20,0.00,0.00,0.00,0.00,0.00,0.00,ai-start(0.60)|disconnected(0.60)|winning(0.60)
Affinity Associates Group,570,0.00,0.00,0.60,0.30,0.70,0.80,0.30,0.80,0.00,0.00,0.30,0.30,0.00,0.00,0.00,0.00,0.00,0.00,0.00,0.30,0.00,0.00,0.00,0.00,0.30,0.60,0.00,0.00,0.00,0.00,0.00,0.00,0.00,1.00,0.00,0.00,0.00,outsource(1.00)|hiring(0.80)|burnout(0.80)
AIMS Accountants For Business,1565,0.00,0.00,0.00,0.00,0.00,0.60,0.30,0.20,0.00,0.00,0.00,0.00,0.00,0.00,0.00,0.00,0.00,0.00,0.00,0.00,0.00,0.00,0.00,0.30,0.00,0.00,0.00,0.60,0.60,0.80,0.00,0.00,0.00,0.00,0.00,0.00,0.00,leadership(0.80)|hiring(0.60)|cpd(0.60)
Alkmist,1461,0.60,0.80,0.30,0.00,0.30,0.00,0.00,0.60,0.80,0.70,0.60,0.30,0.60,0.30,0.00,0.00,0.00,0.50,0.00,0.00,0.00,0.70,0.30,0.00,0.40,0.00,0.00,0.00,0.00,0.00,0.00,0.00,0.00,0.00,0.00,0.00,0.00,ai-data-mess(0.80)|docs(0.80)|chasing(0.70)
All In Place,1936,0.00,0.00,0.00,0.20,0.70,0.00,0.00,0.20,0.00,0.30,0.00,0.00,0.00,0.00,0.80,0.70,0.30,0.00,0.00,0.00,0.00,0.40,0.00,0.00,0.20,0.00,0.00,0.00,0.00,0.00,0.60,0.00,0.00,0.00,0.20,0.00,0.00,advisory(0.80)|margin(0.70)|advisory-charge(0.70)
Allica Bank,150,0.00,0.00,0.00,0.00,0.30,0.00,0.00,0.20,0.00,0.00,0.00,0.60,0.30,0.00,0.00,0.00,0.20,0.00,0.30,0.00,0.00,0.00,0.00,0.00,0.30,0.40,0.60,0.00,0.00,0.00,0.80,0.00,0.00,0.00,0.00,0.60,0.00,cashflow(0.80)|aml(0.60)|bankfeeds(0.60)
Alt21,1371,0.00,0.00,0.00,0.00,0.00,0.00,0.00,0.00,0.00,0.00,0.00,0.20,0.00,0.00,0.00,0.00,0.00,0.00,0.20,0.00,0.00,0.00,0.00,0.00,0.00,0.00,0.30,0.00,0.00,0.00,0.30,0.00,0.00,0.00,0.00,0.80,0.00,cross-border(0.80)|bankfeeds(0.30)|cashflow(0.30)
Alvio Labs,1070,0.70,0.80,0.80,0.30,0.60,0.60,0.30,0.70,0.70,0.50,0.40,0.20,0.90,0.70,0.30,0.20,0.40,0.50,0.20,0.30,0.00,0.30,0.40,0.30,0.50,0.60,0.30,0.00,0.00,0.00,0.20,0.00,0.00,0.20,0.00,0.00,0.00,disconnected(0.90)|ai-data-mess(0.80)|mtd-volume(0.80)
AMS Group,1771,0.00,0.00,0.00,0.00,0.00,0.00,0.00,0.00,0.00,0.00,0.00,0.20,0.00,0.00,0.30,0.00,0.20,0.00,0.00,0.00,0.00,0.00,0.00,0.00,0.00,0.00,0.00,0.00,0.00,0.00,0.00,0.30,0.20,0.00,0.00,0.00,0.00,advisory(0.30)|pe(0.30)|aml(0.20)
Anderson Brookes Insolvency Practitioners,560,0.00,0.00,0.00,0.00,0.30,0.00,0.00,0.00,0.00,0.00,0.00,0.30,0.00,0.00,0.60,0.60,0.30,0.00,0.00,0.00,0.00,0.00,0.00,0.00,0.00,0.00,0.00,0.00,0.00,0.00,0.30,0.00,0.00,0.00,0.30,0.00,0.00,advisory(0.60)|advisory-charge(0.60)|margin(0.30)
Andica Limited,550,0.00,0.00,0.80,0.30,0.00,0.00,0.00,0.30,0.20,0.20,0.30,0.20,0.60,0.00,0.00,0.00,0.00,0.00,0.00,0.20,0.30,0.20,0.00,0.00,0.30,0.40,0.20,0.00,0.00,0.00,0.20,0.00,0.00,0.00,0.00,0.00,0.00,mtd-volume(0.80)|disconnected(0.60)|month-end(0.40)
ApariPro,544,0.70,0.80,0.90,0.30,0.60,0.00,0.00,0.70,0.80,0.40,0.60,0.00,0.30,0.80,0.00,0.00,0.00,0.30,0.00,0.70,0.00,0.00,0.30,0.00,0.00,0.00,0.00,0.00,0.00,0.00,0.00,0.00,0.00,0.00,0.00,0.00,0.00,mtd-volume(0.90)|ai-data-mess(0.80)|docs(0.80)
App Advisory Plus,1971,0.40,0.20,0.30,0.00,0.20,0.00,0.00,0.20,0.30,0.30,0.30,0.30,0.60,0.40,0.20,0.00,0.40,0.20,0.20,0.20,0.20,0.40,0.20,0.30,0.30,0.30,0.30,0.50,0.20,0.00,0.20,0.00,0.00,0.20,0.20,0.20,0.00,disconnected(0.60)|cpd(0.50)|ai-start(0.40)
ApprovalMax,615,0.00,0.30,0.00,0.00,0.00,0.00,0.00,0.60,0.60,0.80,0.60,0.00,0.30,0.00,0.00,0.00,0.00,0.00,0.30,0.00,0.00,0.30,0.00,0.00,0.30,0.60,0.00,0.00,0.00,0.00,0.60,0.00,0.00,0.00,0.00,0.00,0.00,chasing(0.80)|burnout(0.60)|docs(0.60)
Apron,774,0.00,0.60,0.30,0.00,0.00,0.00,0.00,0.70,0.60,0.60,0.30,0.00,0.60,0.00,0.00,0.00,0.00,0.00,0.00,0.00,0.00,0.30,0.00,0.00,0.30,0.70,0.60,0.00,0.00,0.00,0.80,0.00,0.00,0.00,0.00,0.00,0.00,cashflow(0.80)|burnout(0.70)|month-end(0.70)
ARNA ACCOUNTING SERVICES,815,0.00,0.30,0.30,0.00,0.60,0.80,0.00,0.80,0.30,0.00,0.60,0.30,0.00,0.30,0.00,0.00,0.00,0.00,0.00,0.00,0.00,0.00,0.00,0.00,0.30,0.60,0.00,0.00,0.00,0.00,0.00,0.00,0.00,1.00,0.60,0.60,0.00,outsource(1.00)|hiring(0.80)|burnout(0.80)
Artifact AI,1080,0.70,0.80,0.30,0.00,0.60,0.50,0.60,0.80,0.80,0.30,0.70,0.00,0.70,0.80,0.00,0.00,0.00,0.50,0.00,0.00,0.00,0.00,0.40,0.30,0.20,1.00,0.40,0.00,0.00,0.00,0.00,0.00,0.00,0.00,0.00,0.00,0.00,month-end(1.00)|ai-data-mess(0.80)|burnout(0.80)
Ask the Accountant Network - Pitstop Podcast,1730,0.30,0.00,0.30,0.20,0.40,0.50,0.40,0.20,0.00,0.00,0.00,0.20,0.00,0.30,0.50,0.40,0.60,0.20,0.20,0.30,0.30,0.00,0.20,0.50,0.00,0.00,0.00,0.70,0.70,0.40,0.00,0.30,0.30,0.20,0.40,0.20,0.20,cpd(0.70)|career(0.70)|winning(0.60)
Aslan,981,0.00,0.00,0.00,0.00,0.30,0.60,0.80,0.30,0.00,0.00,0.00,0.00,0.00,0.00,0.00,0.00,0.00,0.00,0.00,0.00,0.00,0.00,0.00,0.00,0.00,0.30,0.00,0.00,0.00,0.00,0.00,0.00,0.00,0.00,0.00,0.00,0.00,retention(0.80)|hiring(0.60)|margin(0.30)
Association of Accounting Technicians,995,0.00,0.00,0.00,0.00,0.00,0.30,0.60,0.00,0.00,0.00,0.00,0.00,0.00,0.00,0.00,0.00,0.00,0.00,0.00,0.00,0.00,0.00,0.00,0.80,0.00,0.00,0.00,1.00,0.80,0.30,0.00,0.00,0.00,0.00,0.00,0.00,0.00,cpd(1.00)|ai-skills(0.80)|career(0.80)
Association of Chartered Certified Accountants,160,0.30,0.00,0.00,0.00,0.00,0.20,0.30,0.00,0.00,0.00,0.00,0.20,0.00,0.20,0.30,0.20,0.00,0.30,0.20,0.40,0.50,0.00,0.30,0.70,0.00,0.00,0.00,1.00,1.00,0.60,0.00,0.00,0.00,0.00,0.20,0.40,0.20,cpd(1.00)|career(1.00)|ai-skills(0.70)
Association of International Accountants (AIA),491,0.00,0.00,0.00,0.00,0.00,0.30,0.60,0.00,0.00,0.00,0.00,0.00,0.00,0.00,0.30,0.00,0.00,0.00,0.00,0.00,0.30,0.00,0.00,0.60,0.00,0.00,0.00,0.80,0.70,0.60,0.00,0.00,0.00,0.00,0.00,0.30,0.00,cpd(0.80)|career(0.70)|retention(0.60)
Astranti,790,0.80,0.30,0.00,0.00,0.60,0.30,0.60,0.60,0.00,0.00,0.00,0.00,0.00,0.70,0.30,0.00,0.00,0.80,0.00,0.00,0.00,0.00,0.30,0.80,0.00,0.00,0.00,1.00,0.80,0.30,0.00,0.00,0.00,0.00,0.00,0.00,0.00,cpd(1.00)|ai-start(0.80)|ai-team(0.80)
Audit Corpus,374,0.30,0.40,0.00,0.00,0.30,0.00,0.00,0.60,0.40,0.20,0.70,0.20,0.50,0.50,0.00,0.00,0.00,0.30,0.20,0.00,0.20,0.20,0.40,0.30,0.20,0.00,0.00,0.20,0.00,0.00,0.00,0.00,0.00,0.80,0.00,0.20,0.00,outsource(0.80)|defensible-files(0.70)|burnout(0.60)
AuditBot - Does Fieldwork Faster,1551,0.60,0.30,0.00,0.00,0.70,0.30,0.30,0.40,0.00,0.00,0.80,0.00,0.30,0.80,0.00,0.00,0.00,0.40,0.00,0.00,0.00,0.00,0.40,0.50,0.00,0.00,0.00,0.60,0.30,0.00,0.00,0.00,0.00,0.00,0.00,0.00,0.00,defensible-files(0.80)|ai-roi(0.80)|margin(0.70)
Auditi,625,0.00,0.00,0.00,0.00,0.00,0.00,0.00,0.20,0.60,0.80,0.60,0.00,0.20,0.00,0.00,0.00,0.00,0.00,0.00,0.00,0.00,0.70,0.00,0.00,0.30,0.00,0.00,0.00,0.00,0.00,0.00,0.00,0.00,0.00,0.00,0.00,0.00,chasing(0.80)|portal(0.70)|docs(0.60)
AYPHEN,1755,0.70,0.60,0.30,0.00,0.40,0.20,0.30,0.40,0.60,0.50,0.30,0.00,0.80,0.40,0.30,0.60,0.60,0.30,0.20,0.00,0.00,0.40,0.30,0.20,0.40,0.50,0.30,0.00,0.00,0.20,0.40,0.00,0.00,0.20,0.00,0.00,0.00,disconnected(0.80)|ai-start(0.70)|ai-data-mess(0.60)
Barclays,540,0.00,0.00,0.00,0.00,0.30,0.00,0.00,0.00,0.00,0.00,0.00,0.00,0.00,0.00,0.00,0.00,0.30,0.00,0.00,0.00,0.00,0.00,0.00,0.00,0.00,0.00,0.60,0.00,0.00,0.00,0.30,0.00,0.00,0.00,0.00,0.30,0.00,bankfeeds(0.60)|margin(0.30)|winning(0.30)
Befree,1574,0.30,0.00,0.60,0.00,0.60,0.80,0.00,0.80,0.00,0.30,0.00,0.00,0.30,0.30,0.80,0.00,0.00,0.00,0.00,0.00,0.00,0.00,0.00,0.00,0.30,0.60,0.00,0.00,0.00,0.00,0.00,0.00,0.00,1.00,0.00,0.00,0.00,outsource(1.00)|hiring(0.80)|burnout(0.80)
BGL Solutions Limited,744,0.30,0.20,0.00,0.00,0.00,0.00,0.00,0.20,0.30,0.00,0.60,1.00,0.20,0.30,0.00,0.00,0.00,0.20,0.40,0.00,0.00,0.00,0.30,0.00,0.40,0.00,0.00,0.00,0.00,0.00,0.00,0.00,0.00,0.00,0.00,0.20,0.00,aml(1.00)|defensible-files(0.60)|cyber(0.40)
Briefcase,1740,0.70,0.80,0.80,0.30,0.40,0.00,0.00,0.60,0.80,0.70,0.60,0.00,0.50,0.60,0.00,0.00,0.00,0.30,0.00,0.40,0.00,0.30,0.00,0.00,0.40,0.80,0.60,0.00,0.00,0.00,0.00,0.00,0.00,0.00,0.00,0.00,0.00,ai-data-mess(0.80)|mtd-volume(0.80)|docs(0.80)
Bright,1160,0.60,0.70,0.80,0.30,0.40,0.00,0.00,0.50,0.70,0.40,0.80,0.30,0.90,0.50,0.00,0.00,0.00,0.40,0.20,0.30,0.20,0.30,0.30,0.00,0.50,0.60,0.30,0.00,0.00,0.00,0.00,0.00,0.00,0.00,0.00,0.20,0.00,disconnected(0.90)|mtd-volume(0.80)|defensible-files(0.80)
Byrd + Link Audit Services,830,0.00,0.00,0.00,0.00,0.60,0.70,0.00,0.60,0.00,0.00,0.30,0.00,0.00,0.00,0.60,0.00,0.00,0.00,0.00,0.00,0.30,0.00,0.00,0.00,0.00,0.00,0.00,0.00,0.00,0.00,0.00,0.00,0.00,1.00,0.00,0.00,0.00,outsource(1.00)|hiring(0.70)|margin(0.60)
Capify,1534,0.00,0.00,0.00,0.00,0.30,0.00,0.00,0.00,0.00,0.00,0.00,0.00,0.00,0.00,0.00,0.00,0.60,0.00,0.00,0.00,0.00,0.00,0.00,0.00,0.00,0.00,0.00,0.00,0.00,0.00,0.30,0.00,0.00,0.00,0.00,0.00,0.00,winning(0.60)|margin(0.30)|cashflow(0.30)
Capium,1370,0.00,0.00,0.80,0.30,0.00,0.00,0.00,0.30,0.60,0.30,0.60,0.80,0.80,0.00,0.00,0.00,0.00,0.00,0.30,0.60,0.00,0.30,0.00,0.00,0.60,0.30,0.00,0.00,0.00,0.00,0.30,0.00,0.00,0.00,0.00,0.00,0.00,mtd-volume(0.80)|aml(0.80)|disconnected(0.80)
Caseware,820,0.60,0.70,0.30,0.00,0.30,0.00,0.00,0.40,0.60,0.20,0.90,0.20,0.50,0.70,0.20,0.00,0.00,0.50,0.30,0.00,0.90,0.20,0.60,0.40,0.20,0.30,0.20,0.00,0.00,0.00,0.00,0.00,0.00,0.00,0.00,0.30,0.20,defensible-files(0.90)|frs102(0.90)|ai-data-mess(0.70)
Castaway Forecasting,1451,0.00,0.00,0.00,0.00,0.60,0.00,0.00,0.30,0.00,0.00,0.00,0.00,0.30,0.00,0.70,0.60,0.00,0.00,0.00,0.00,0.00,0.30,0.00,0.00,0.00,0.60,0.00,0.30,0.00,0.00,0.80,0.00,0.00,0.00,0.00,0.00,0.00,cashflow(0.80)|advisory(0.70)|margin(0.60)
Chaser,1020,0.30,0.00,0.00,0.00,0.60,0.00,0.00,0.40,0.00,1.00,0.00,0.00,0.30,0.60,0.00,0.00,0.00,0.00,0.00,0.00,0.00,0.30,0.00,0.00,0.00,0.00,0.00,0.00,0.00,0.00,1.00,0.00,0.00,0.00,0.00,0.00,0.00,chasing(1.00)|cashflow(1.00)|margin(0.60)
Cheku.ai,501H,0.70,0.60,0.40,0.20,0.50,0.30,0.20,0.60,0.80,0.50,0.60,0.30,0.50,0.40,0.40,0.60,0.60,0.30,0.20,0.30,0.20,0.30,0.30,0.20,0.40,0.30,0.20,0.00,0.00,0.00,0.20,0.00,0.00,0.00,0.00,0.20,0.20,docs(0.80)|ai-start(0.70)|ai-data-mess(0.60)
Chift,481,0.00,0.60,0.00,0.00,0.00,0.00,0.00,0.00,0.30,0.00,0.00,0.00,0.80,0.30,0.00,0.00,0.00,0.00,0.00,0.00,0.00,0.00,0.00,0.00,0.00,0.00,0.00,0.00,0.00,0.00,0.00,0.00,0.00,0.00,0.00,0.30,0.00,disconnected(0.80)|ai-data-mess(0.60)|docs(0.30)
Circit,810,0.30,0.80,0.00,0.00,0.60,0.00,0.30,0.40,0.90,0.80,0.90,0.00,0.60,0.70,0.00,0.00,0.00,0.50,0.60,0.00,0.20,0.70,0.70,0.00,0.40,0.00,0.00,0.00,0.00,0.00,0.00,0.00,0.00,0.00,0.00,0.00,0.00,docs(0.90)|defensible-files(0.90)|ai-data-mess(0.80)
CleanBooks AI,501G,0.70,0.60,0.40,0.00,0.50,0.30,0.40,0.50,0.30,0.30,0.30,0.00,0.60,0.70,0.80,0.30,0.30,0.50,0.00,0.00,0.00,0.00,0.30,0.40,0.20,0.60,0.50,0.00,0.00,0.00,0.70,0.00,0.00,0.00,0.00,0.00,0.00,advisory(0.80)|ai-start(0.70)|ai-roi(0.70)
ClientWindow,1350,0.00,0.00,0.30,0.60,0.30,0.00,0.00,0.30,0.20,0.80,0.00,0.00,0.30,0.00,0.00,0.00,0.60,0.00,0.00,0.00,0.00,0.60,0.00,0.00,0.30,0.00,0.00,0.00,0.00,0.00,0.20,0.00,0.00,0.00,0.00,0.00,0.00,chasing(0.80)|mtd-clients(0.60)|winning(0.60)
Closeday,1404,0.00,0.00,0.00,0.00,0.30,0.00,0.00,0.00,0.00,0.00,0.00,0.00,0.00,0.00,0.30,0.30,0.00,0.00,0.00,0.00,0.00,0.30,0.00,0.00,0.60,0.00,0.00,0.00,0.00,0.00,0.00,0.00,0.00,0.00,0.00,0.00,0.00,onboarding(0.60)|margin(0.30)|advisory(0.30)
Cloud2me,370,0.00,0.00,0.30,0.00,0.00,0.00,0.00,0.20,0.30,0.30,0.60,0.00,0.30,0.00,0.00,0.00,0.00,0.00,0.80,0.00,0.00,0.20,0.00,0.00,0.60,0.00,0.00,0.00,0.00,0.00,0.00,0.00,0.00,0.00,0.00,0.00,0.00,cyber(0.80)|defensible-files(0.60)|onboarding(0.60)
Combinely,1620,0.70,0.80,0.80,0.30,0.60,0.60,0.50,0.60,0.70,0.30,0.60,0.20,0.50,0.70,0.20,0.00,0.00,0.40,0.30,0.20,0.00,0.20,0.30,0.40,0.50,0.60,0.50,0.00,0.00,0.00,0.00,0.00,0.00,0.00,0.00,0.00,0.00,ai-data-mess(0.80)|mtd-volume(0.80)|ai-start(0.70)
Companies House,984,0.00,0.00,0.30,0.00,0.00,0.00,0.00,0.00,0.00,0.00,0.00,0.30,0.00,0.00,0.00,0.00,0.00,0.00,0.00,0.00,0.00,0.00,0.00,0.00,0.00,0.00,0.00,0.00,0.00,0.00,0.00,0.00,0.00,0.00,0.00,0.00,0.00,mtd-volume(0.30)|aml(0.30)
Compound Pension,1030,0.00,0.00,0.00,0.00,0.60,0.70,0.80,0.30,0.00,0.00,0.00,0.00,0.30,0.00,0.60,0.60,0.50,0.00,0.00,0.00,0.00,0.60,0.00,0.00,0.30,0.00,0.00,0.00,0.00,0.00,0.00,0.00,0.00,0.00,0.30,0.00,0.00,retention(0.80)|hiring(0.70)|margin(0.60)
Confiance Business Solutions,1844,0.00,0.00,0.60,0.30,0.70,0.60,0.00,0.80,0.00,0.30,0.00,0.00,0.00,0.00,0.00,0.00,0.00,0.00,0.00,0.30,0.00,0.00,0.00,0.00,0.30,0.60,0.00,0.00,0.00,0.00,0.70,0.00,0.00,1.00,0.00,0.00,0.00,outsource(1.00)|burnout(0.80)|margin(0.70)
Constant Contact,1354,0.30,0.00,0.00,0.00,0.60,0.00,0.00,0.00,0.00,0.00,0.00,0.00,0.00,0.30,0.60,0.30,0.80,0.00,0.00,0.00,0.00,0.00,0.00,0.00,0.00,0.00,0.00,0.00,0.00,0.00,0.00,0.00,0.00,0.00,0.30,0.00,0.00,winning(0.80)|margin(0.60)|advisory(0.60)
CPA.com,360,0.00,0.00,0.30,0.00,0.60,0.00,0.30,0.30,0.00,0.30,0.00,0.00,0.30,0.00,0.60,0.30,0.00,0.00,0.00,0.00,0.00,0.30,0.00,0.00,0.30,0.00,0.00,0.60,0.60,0.30,0.00,0.00,0.00,0.00,0.00,0.00,0.00,margin(0.60)|advisory(0.60)|cpd(0.60)
CPDFlow,501M,0.00,0.00,0.00,0.00,0.00,0.10,0.50,0.00,0.00,0.00,0.20,0.00,0.00,0.00,0.00,0.00,0.00,0.00,0.00,0.00,0.00,0.00,0.00,0.60,0.00,0.00,0.00,1.00,0.70,0.40,0.00,0.00,0.00,0.00,0.00,0.00,0.00,cpd(1.00)|career(0.70)|ai-skills(0.60)
CPDStore,1980,0.00,0.00,0.00,0.00,0.00,0.00,0.00,0.00,0.00,0.00,0.00,0.30,0.00,0.00,0.00,0.00,0.00,0.00,0.00,0.30,0.30,0.00,0.00,0.60,0.00,0.00,0.00,1.00,0.60,0.30,0.00,0.00,0.00,0.00,0.00,0.30,0.30,cpd(1.00)|ai-skills(0.60)|career(0.60)
Croner,1810,0.00,0.00,0.80,0.30,0.00,0.00,0.00,0.20,0.20,0.00,0.30,0.00,0.60,0.00,0.00,0.00,0.00,0.00,0.00,0.60,0.30,0.00,0.00,0.00,0.20,0.40,0.30,0.00,0.00,0.00,0.00,0.00,0.00,0.00,0.00,0.30,0.00,mtd-volume(0.80)|disconnected(0.60)|penalties(0.60)
Croner VIP Tax,1821,0.00,0.00,0.60,0.30,0.30,0.00,0.00,0.00,0.00,0.00,0.30,0.30,0.00,0.00,0.60,0.30,0.00,0.00,0.00,0.60,0.30,0.00,0.00,0.00,0.00,0.00,0.00,0.00,0.00,0.00,0.00,0.00,0.00,0.30,0.00,0.30,0.60,mtd-volume(0.60)|advisory(0.60)|penalties(0.60)
Datamatics Business Solutions,1820,0.00,0.00,0.70,0.30,0.80,0.80,0.60,0.80,0.00,0.40,0.30,0.30,0.00,0.00,0.40,0.30,0.00,0.00,0.00,0.40,0.00,0.00,0.00,0.00,0.30,0.60,0.30,0.00,0.00,0.00,0.30,0.00,0.00,1.00,0.00,0.30,0.00,outsource(1.00)|margin(0.80)|hiring(0.80)
DataSnipper,974,0.60,0.80,0.30,0.00,0.60,0.30,0.60,0.70,0.90,0.30,0.70,0.20,0.60,0.80,0.00,0.00,0.00,0.40,0.20,0.00,0.00,0.00,0.70,0.20,0.20,0.70,0.00,0.00,0.00,0.00,0.00,0.00,0.00,0.00,0.00,0.00,0.00,docs(0.90)|ai-data-mess(0.80)|ai-roi(0.80)
DataTracks,911,0.00,0.60,0.80,0.30,0.00,0.00,0.00,0.60,0.80,0.40,0.70,0.30,0.40,0.00,0.00,0.00,0.00,0.00,0.30,0.40,0.00,0.30,0.00,0.00,0.50,0.00,0.00,0.00,0.00,0.00,0.00,0.00,0.00,0.90,0.00,0.60,0.00,outsource(0.90)|mtd-volume(0.80)|docs(0.80)
Dext,1184,0.60,0.80,0.70,0.80,0.30,0.00,0.00,0.70,0.60,0.80,0.40,0.00,0.50,0.60,0.00,0.00,0.00,0.30,0.00,0.30,0.00,0.30,0.20,0.00,0.40,0.50,0.70,0.00,0.00,0.00,0.00,0.00,0.00,0.00,0.00,0.00,0.00,ai-data-mess(0.80)|mtd-clients(0.80)|chasing(0.80)
DNS NEXUS,1010,0.00,0.00,0.30,0.00,0.60,0.60,0.30,0.30,0.00,0.00,0.00,0.00,0.30,0.00,0.30,0.00,0.30,0.00,0.00,0.00,0.00,0.00,0.00,0.00,0.00,0.00,0.00,0.30,0.30,0.30,0.30,0.00,0.30,0.60,0.00,0.00,0.00,margin(0.60)|hiring(0.60)|outsource(0.60)
Doc2,480,0.00,0.00,0.00,0.00,0.00,0.00,0.00,0.30,0.80,0.70,0.80,1.00,0.30,0.00,0.00,0.00,0.00,0.00,0.30,0.00,0.00,0.60,0.00,0.00,0.70,0.00,0.00,0.00,0.00,0.00,0.00,0.00,0.00,0.00,0.00,0.00,0.00,aml(1.00)|docs(0.80)|defensible-files(0.80)
Docusoft,920,0.30,0.80,0.40,0.30,0.20,0.00,0.00,0.50,1.00,0.70,0.80,0.40,0.60,0.20,0.30,0.50,0.50,0.20,0.30,0.00,0.00,0.60,0.20,0.00,0.80,0.00,0.00,0.00,0.00,0.00,0.20,0.00,0.00,0.00,0.00,0.00,0.00,docs(1.00)|ai-data-mess(0.80)|defensible-files(0.80)
Doshi Outsourcing,1165,0.00,0.00,0.60,0.00,0.70,0.80,0.60,0.80,0.00,0.30,0.00,0.00,0.00,0.00,0.30,0.00,0.00,0.00,0.00,0.00,0.00,0.00,0.00,0.00,0.30,0.60,0.00,0.00,0.00,0.00,0.00,0.00,0.00,1.00,0.00,0.00,0.00,outsource(1.00)|hiring(0.80)|burnout(0.80)
Draftworx,590,0.00,0.30,0.00,0.00,0.00,0.00,0.00,0.30,0.80,0.00,0.70,0.00,0.00,0.00,0.00,0.00,0.00,0.00,0.00,0.00,0.60,0.00,0.00,0.00,0.00,0.00,0.00,0.00,0.00,0.00,0.00,0.00,0.00,0.00,0.00,0.00,0.00,docs(0.80)|defensible-files(0.70)|frs102(0.60)
Dunner,501N,0.30,0.00,0.00,0.00,0.60,0.00,0.00,0.30,0.00,1.00,0.00,0.00,0.30,0.60,0.00,0.00,0.00,0.00,0.00,0.00,0.00,0.00,0.00,0.00,0.00,0.00,0.00,0.00,0.00,0.00,0.80,0.00,0.00,0.00,0.00,0.00,0.00,chasing(1.00)|cashflow(0.80)|margin(0.60)
EAGL,501J,0.30,0.60,0.00,0.00,0.60,0.00,0.30,0.60,0.30,0.00,0.60,0.00,0.30,0.80,0.00,0.00,0.00,0.30,0.00,0.00,0.00,0.00,0.30,0.00,0.00,1.00,0.30,0.00,0.00,0.00,0.00,0.00,0.00,0.00,0.00,0.00,0.00,month-end(1.00)|ai-roi(0.80)|ai-data-mess(0.60)
EazyCapture,501C,0.60,0.80,0.30,0.60,0.40,0.20,0.30,0.70,0.80,0.40,0.70,0.00,0.80,0.50,0.00,0.00,0.00,0.30,0.00,0.00,0.00,0.50,0.20,0.00,0.20,0.50,0.00,0.00,0.00,0.00,0.00,0.00,0.00,0.00,0.00,0.00,0.00,ai-data-mess(0.80)|docs(0.80)|disconnected(0.80)
Edge of Difference,1802,0.00,0.00,0.00,0.00,0.00,0.60,0.80,0.30,0.00,0.00,0.00,0.00,0.00,0.00,0.00,0.00,0.00,0.00,0.00,0.00,0.00,0.00,0.00,0.00,0.00,0.00,0.00,0.60,0.60,0.80,0.00,0.00,0.00,0.00,0.00,0.00,0.00,retention(0.80)|leadership(0.80)|hiring(0.60)
Employment Hero,834,0.30,0.00,0.60,0.00,0.60,0.00,0.00,0.50,0.00,0.00,0.30,0.00,0.60,0.30,0.00,0.00,0.00,0.00,0.00,0.30,0.00,0.00,0.00,0.00,0.00,0.00,0.00,0.00,0.00,0.00,0.00,0.00,0.00,0.00,0.00,0.00,0.00,mtd-volume(0.60)|margin(0.60)|disconnected(0.60)
Engager by TaxCalc,750,0.00,0.30,0.20,0.00,0.30,0.00,0.00,0.20,0.80,0.40,0.60,0.00,0.60,0.00,0.30,0.20,0.10,0.00,0.00,0.00,0.00,0.40,0.00,0.00,0.50,0.20,0.00,0.00,0.00,0.00,0.40,0.00,0.00,0.00,0.00,0.00,0.00,docs(0.80)|defensible-files(0.60)|disconnected(0.60)
FD Intelligence,1611,0.60,0.30,0.80,0.00,0.70,0.30,0.30,0.60,0.00,0.00,0.00,0.00,0.30,1.00,0.00,0.00,0.00,0.40,0.00,0.60,0.00,0.00,0.30,0.40,0.00,0.00,0.00,0.00,0.00,0.00,0.00,0.00,0.00,0.00,0.00,0.30,0.40,ai-roi(1.00)|mtd-volume(0.80)|margin(0.70)
FigsFlow,1310,0.60,0.30,0.40,0.30,0.70,0.00,0.00,0.50,0.40,0.70,0.60,1.00,0.30,0.40,0.00,0.70,0.70,0.30,0.00,0.20,0.00,0.50,0.20,0.00,1.00,0.00,0.00,0.00,0.00,0.00,0.40,0.00,0.00,0.00,0.00,0.00,0.00,aml(1.00)|onboarding(1.00)|margin(0.70)
Findity,1560,0.30,0.00,0.00,0.00,0.00,0.00,0.00,0.20,0.30,0.60,0.00,0.00,0.30,0.30,0.00,0.00,0.00,0.20,0.20,0.00,0.00,0.40,0.20,0.00,0.00,0.20,0.00,0.00,0.00,0.00,0.00,0.00,0.00,0.00,0.00,0.30,0.00,chasing(0.60)|portal(0.40)|ai-start(0.30)
Firmcheck,1931,0.00,0.00,0.00,0.00,0.00,0.00,0.00,0.30,0.00,0.30,0.60,1.00,0.00,0.00,0.00,0.00,0.00,0.00,0.30,0.00,0.00,0.60,0.00,0.00,0.80,0.00,0.00,0.00,0.00,0.00,0.00,0.00,0.00,0.00,0.00,0.00,0.00,aml(1.00)|onboarding(0.80)|defensible-files(0.60)
First Corporate Law Services,740,0.00,0.00,0.00,0.00,0.00,0.00,0.00,0.70,0.00,0.00,0.00,0.30,0.00,0.00,0.00,0.00,0.00,0.00,0.00,0.00,0.00,0.00,0.00,0.00,0.60,0.00,0.00,0.00,0.00,0.00,0.00,0.00,0.00,0.90,0.00,0.30,0.00,outsource(0.90)|burnout(0.70)|onboarding(0.60)
First Intuition,1941,0.00,0.00,0.00,0.00,0.00,0.30,0.00,0.00,0.00,0.00,0.00,0.00,0.00,0.00,0.00,0.00,0.00,0.00,0.00,0.00,0.00,0.00,0.00,0.60,0.00,0.00,0.00,1.00,0.80,0.30,0.00,0.00,0.00,0.00,0.00,0.00,0.00,cpd(1.00)|career(0.80)|ai-skills(0.60)
Flagstone,364,0.00,0.00,0.00,0.00,0.30,0.00,0.00,0.00,0.00,0.00,0.00,0.00,0.00,0.00,0.30,0.30,0.00,0.00,0.00,0.00,0.00,0.30,0.00,0.00,0.00,0.60,0.00,0.00,0.00,0.00,1.00,0.00,0.00,0.00,0.00,0.00,0.00,cashflow(1.00)|month-end(0.60)|margin(0.30)
FreeAgent,180,0.00,0.00,0.80,0.30,0.00,0.00,0.00,0.30,0.20,0.60,0.30,0.00,0.30,0.00,0.00,0.00,0.00,0.00,0.00,0.30,0.00,0.60,0.00,0.00,0.30,0.00,0.70,0.00,0.00,0.00,0.60,0.00,0.00,0.00,0.00,0.00,0.00,mtd-volume(0.80)|bankfeeds(0.70)|chasing(0.60)
FuseSign,845,0.00,0.00,0.30,0.00,0.00,0.00,0.00,0.60,0.80,0.80,0.60,0.00,0.30,0.00,0.00,0.00,0.00,0.00,0.30,0.00,0.00,0.60,0.00,0.00,0.60,0.00,0.00,0.00,0.00,0.00,0.30,0.00,0.00,0.00,0.00,0.00,0.00,docs(0.80)|chasing(0.80)|burnout(0.60)
FYI,844,0.00,0.70,0.30,0.20,0.00,0.00,0.00,0.40,1.00,0.50,0.70,0.20,0.60,0.00,0.00,0.00,0.00,0.00,0.20,0.30,0.00,0.60,0.00,0.00,0.60,0.30,0.00,0.00,0.00,0.00,0.00,0.00,0.00,0.00,0.00,0.00,0.00,docs(1.00)|ai-data-mess(0.70)|defensible-files(0.70)
Garfield AI,1374,0.30,0.00,0.00,0.00,0.60,0.00,0.00,0.30,0.00,0.80,0.60,0.00,0.00,0.60,0.00,0.00,0.00,0.30,0.00,0.00,0.00,0.00,0.00,0.00,0.00,0.00,0.00,0.00,0.00,0.00,0.80,0.00,0.00,0.00,0.00,0.00,0.00,chasing(0.80)|cashflow(0.80)|margin(0.60)
Generational Planning Group,1545,0.00,0.00,0.00,0.00,0.00,0.00,0.00,0.00,0.00,0.00,0.00,0.00,0.00,0.00,0.00,0.00,0.00,0.00,0.00,0.00,0.00,0.00,0.00,0.00,0.00,0.00,0.00,0.00,0.00,0.00,0.00,0.00,0.00,0.00,0.00,0.00,0.00,
GI Outsourcing,1530,0.00,0.00,0.60,0.30,0.70,0.80,0.60,0.80,0.00,0.30,0.30,0.30,0.00,0.00,0.00,0.00,0.00,0.00,0.30,0.40,0.30,0.00,0.00,0.00,0.40,0.60,0.30,0.00,0.00,0.00,0.40,0.00,0.00,1.00,0.00,0.30,0.00,outsource(1.00)|hiring(0.80)|burnout(0.80)
Glide - Workflow and Resource management,1744,0.00,0.00,0.60,0.00,0.60,0.00,0.00,0.30,0.00,0.80,0.00,0.00,0.60,0.00,0.00,0.00,0.00,0.00,0.00,0.30,0.00,0.60,0.00,0.00,0.60,0.00,0.00,0.00,0.00,0.00,0.30,0.00,0.00,0.00,0.00,0.00,0.00,chasing(0.80)|mtd-volume(0.60)|margin(0.60)
GoCardless,910,0.30,0.00,0.00,0.00,0.60,0.00,0.00,0.30,0.00,0.80,0.00,0.00,0.60,0.00,0.00,0.00,0.00,0.00,0.30,0.00,0.00,0.00,0.00,0.00,0.30,0.60,0.00,0.00,0.00,0.00,1.00,0.00,0.00,0.00,0.00,0.60,0.00,cashflow(1.00)|chasing(0.80)|margin(0.60)
Hammock,1514,0.00,0.00,1.00,0.80,0.30,0.00,0.00,0.60,0.60,0.80,0.70,0.00,0.30,0.00,0.00,0.00,0.00,0.00,0.30,0.70,0.00,0.60,0.00,0.00,0.30,0.00,0.30,0.00,0.00,0.00,0.00,0.00,0.00,0.00,0.00,0.00,0.00,mtd-volume(1.00)|mtd-clients(0.80)|chasing(0.80)
Hammock,483,0.00,0.00,0.80,0.60,0.00,0.00,0.00,0.30,0.60,0.80,0.60,0.00,0.00,0.00,0.00,0.00,0.00,0.00,0.30,0.60,0.00,0.60,0.00,0.00,0.30,0.00,0.00,0.00,0.00,0.00,0.00,0.00,0.00,0.00,0.00,0.00,0.00,mtd-volume(0.80)|chasing(0.80)|mtd-clients(0.60)
HDUK,1761,0.00,0.00,0.00,0.00,0.00,0.00,0.00,0.30,0.00,0.00,0.60,0.00,0.30,0.00,0.00,0.00,0.00,0.00,1.00,0.00,0.00,0.00,0.20,0.00,0.00,0.00,0.00,0.00,0.00,0.00,0.00,0.00,0.00,0.00,0.00,0.00,0.00,cyber(1.00)|defensible-files(0.60)|burnout(0.30)
Hello AI Collective Limited,1650,0.80,0.30,0.00,0.00,0.00,0.00,0.00,0.00,0.00,0.00,0.00,0.00,0.60,0.80,0.00,0.00,0.00,0.80,0.30,0.00,0.00,0.00,0.80,0.60,0.00,0.00,0.00,0.00,0.00,0.00,0.00,0.00,0.00,0.00,0.00,0.00,0.00,ai-start(0.80)|ai-roi(0.80)|ai-team(0.80)
HMRC,990,0.00,0.00,1.00,0.30,0.00,0.00,0.00,0.00,0.00,0.00,0.00,0.00,0.00,0.00,0.00,0.00,0.00,0.00,0.00,0.80,0.00,0.60,0.00,0.00,0.00,0.00,0.00,0.00,0.00,0.00,0.00,0.00,0.00,0.00,0.00,0.30,0.30,mtd-volume(1.00)|penalties(0.80)|portal(0.60)
Home of Mortgages,1510,0.00,0.00,0.00,0.00,0.30,0.00,0.00,0.00,0.00,0.00,0.00,0.00,0.00,0.00,0.30,0.30,0.30,0.00,0.00,0.00,0.00,0.00,0.00,0.00,0.00,0.00,0.00,0.00,0.00,0.00,0.60,0.00,0.00,0.00,0.00,0.00,0.00,cashflow(0.60)|margin(0.30)|advisory(0.30)
Hoxton Mix,571,0.30,0.60,0.00,0.00,0.30,0.00,0.00,0.30,0.80,0.30,0.60,0.00,0.30,0.30,0.00,0.30,0.00,0.00,0.30,0.00,0.00,0.30,0.30,0.00,0.00,0.00,0.00,0.00,0.00,0.00,0.00,0.00,0.00,0.30,0.00,0.00,0.00,docs(0.80)|ai-data-mess(0.60)|defensible-files(0.60)
Husu,501E,0.00,0.00,0.00,0.00,0.30,0.00,0.80,1.00,0.00,0.00,0.00,0.00,0.00,0.00,0.00,0.00,0.00,0.00,0.00,0.00,0.00,0.00,0.00,0.00,0.00,0.00,0.00,0.00,0.00,0.60,0.00,0.00,0.00,0.00,0.00,0.00,0.00,burnout(1.00)|retention(0.80)|leadership(0.60)
ICB,394,0.00,0.00,0.00,0.20,0.00,0.40,0.30,0.00,0.00,0.00,0.00,0.00,0.00,0.00,0.00,0.00,0.00,0.00,0.00,0.00,0.00,0.00,0.00,0.30,0.00,0.00,0.00,0.80,0.70,0.20,0.00,0.00,0.00,0.00,0.00,0.00,0.00,cpd(0.80)|career(0.70)|hiring(0.40)
iFAST Global Bank,470,0.00,0.00,0.00,0.00,0.00,0.00,0.00,0.00,0.00,0.10,0.00,0.00,0.20,0.00,0.00,0.00,0.10,0.00,0.30,0.00,0.00,0.00,0.00,0.00,0.20,0.30,0.40,0.00,0.00,0.00,0.60,0.00,0.00,0.00,0.00,0.80,0.00,cross-border(0.80)|cashflow(0.60)|bankfeeds(0.40)
Ignition,840,0.00,0.00,0.30,0.00,0.80,0.00,0.00,0.30,0.80,0.80,0.60,0.00,0.60,0.00,0.00,0.80,0.00,0.00,0.00,0.00,0.00,0.60,0.00,0.00,0.80,0.00,0.00,0.00,0.00,0.00,0.80,0.00,0.00,0.00,0.00,0.00,0.00,margin(0.80)|docs(0.80)|chasing(0.80)
Inflo,1464,0.30,0.60,0.00,0.00,0.40,0.00,0.00,0.50,0.70,0.60,0.80,0.00,0.30,0.60,0.00,0.00,0.00,0.30,0.20,0.00,0.30,0.50,0.50,0.00,0.40,0.00,0.00,0.00,0.00,0.00,0.00,0.00,0.00,0.00,0.00,0.20,0.00,defensible-files(0.80)|docs(0.70)|ai-data-mess(0.60)
Inform Direct by Bright,1160,0.00,0.00,0.00,0.00,0.00,0.00,0.00,0.30,0.60,0.00,0.80,1.00,0.30,0.00,0.00,0.00,0.00,0.00,0.00,0.00,0.00,0.00,0.00,0.00,0.60,0.00,0.00,0.00,0.00,0.00,0.00,0.00,0.00,0.00,0.00,0.00,0.00,aml(1.00)|defensible-files(0.80)|docs(0.60)
Informanagement UK,1460,0.60,0.00,0.00,0.00,0.70,0.00,0.00,0.30,0.80,0.60,0.00,0.00,0.60,0.30,0.60,0.70,0.80,0.30,0.00,0.00,0.00,0.60,0.00,0.00,0.30,0.00,0.00,0.00,0.00,0.00,0.00,0.00,0.00,0.00,0.00,0.00,0.00,docs(0.80)|winning(0.80)|margin(0.70)
Initor Global UK,1644,0.00,0.00,0.70,0.00,0.60,0.80,0.30,0.80,0.00,0.00,0.00,0.00,0.30,0.00,0.00,0.00,0.00,0.00,0.30,0.00,0.00,0.00,0.00,0.00,0.00,0.70,0.00,0.00,0.00,0.00,0.00,0.00,0.00,1.00,0.00,0.00,0.00,outsource(1.00)|hiring(0.80)|burnout(0.80)
Instant CPD Limited,1131,0.00,0.00,0.00,0.00,0.00,0.20,0.60,0.00,0.00,0.00,0.00,0.20,0.00,0.00,0.30,0.00,0.00,0.00,0.00,0.00,0.00,0.00,0.00,0.60,0.00,0.00,0.00,1.00,0.60,0.60,0.00,0.00,0.00,0.00,0.00,0.00,0.00,cpd(1.00)|retention(0.60)|ai-skills(0.60)
Institute of Accountants and Bookkeepers,275,0.00,0.00,0.00,0.00,0.00,0.30,0.60,0.00,0.00,0.00,0.00,1.00,0.00,0.00,0.00,0.00,0.00,0.00,0.00,0.30,0.00,0.00,0.00,0.60,0.00,0.00,0.00,0.80,0.80,0.60,0.00,0.00,0.00,0.00,0.00,0.00,0.00,aml(1.00)|cpd(0.80)|career(0.80)
Institute of Financial Accountants,484,0.00,0.00,0.30,0.30,0.30,0.20,0.20,0.10,0.00,0.00,0.20,0.80,0.00,0.00,0.20,0.20,0.10,0.00,0.00,0.30,0.20,0.00,0.00,0.30,0.00,0.00,0.00,0.70,0.60,0.40,0.00,0.00,0.00,0.00,0.10,0.20,0.20,aml(0.80)|cpd(0.70)|career(0.60)
Intuit QuickBooks,1580,0.70,0.60,0.80,0.30,0.40,0.20,0.00,0.50,0.60,0.50,0.40,0.20,0.70,0.60,0.20,0.00,0.20,0.40,0.30,0.30,0.10,0.40,0.20,0.30,0.50,0.60,0.50,0.10,0.00,0.00,0.50,0.00,0.00,0.00,0.00,0.20,0.10,mtd-volume(0.80)|ai-start(0.70)|disconnected(0.70)
iplicit Accounting Software,1520,0.60,0.80,0.60,0.30,0.60,0.30,0.40,0.70,0.70,0.40,0.50,0.00,0.70,0.60,0.00,0.00,0.00,0.30,0.30,0.00,0.00,0.00,0.20,0.00,0.40,0.70,0.50,0.00,0.00,0.00,0.00,0.00,0.00,0.00,0.00,0.00,0.00,ai-data-mess(0.80)|burnout(0.70)|docs(0.70)
IRIS,1184,0.60,0.70,0.80,0.30,0.20,0.00,0.00,0.40,0.80,0.50,0.70,0.30,0.80,0.40,0.20,0.00,0.00,0.30,0.80,0.50,0.30,0.40,0.20,0.20,0.40,0.60,0.50,0.00,0.00,0.00,0.20,0.00,0.00,0.00,0.00,0.20,0.30,mtd-volume(0.80)|docs(0.80)|disconnected(0.80)
JLN US Global Limited BEYOND BORDERS,1402,0.00,0.00,0.30,0.00,0.00,0.00,0.00,0.60,0.00,0.00,0.00,0.30,0.00,0.00,0.30,0.00,0.00,0.00,0.00,0.00,0.00,0.00,0.00,0.00,0.30,0.00,0.00,0.00,0.00,0.00,0.00,0.00,0.00,1.00,0.00,0.80,0.00,outsource(1.00)|cross-border(0.80)|burnout(0.60)
Just Audit & Assurance,1511,0.00,0.00,0.00,0.00,0.00,0.00,0.00,0.00,0.00,0.00,0.30,0.00,0.00,0.00,0.00,0.00,0.00,0.00,0.00,0.00,0.30,0.00,0.00,0.00,0.00,0.00,0.00,0.00,0.00,0.00,0.00,0.00,0.00,0.00,0.30,0.00,0.00,defensible-files(0.30)|frs102(0.30)|niche(0.30)
Kaleidoscope,1561,0.00,0.00,0.00,0.00,0.30,0.00,0.00,0.00,0.00,0.00,0.00,0.00,0.30,0.00,0.60,0.60,0.00,0.00,0.00,0.00,0.00,0.00,0.00,0.00,0.00,0.60,0.00,0.00,0.00,0.00,0.80,0.00,0.00,0.00,0.00,0.00,0.00,cashflow(0.80)|advisory(0.60)|advisory-charge(0.60)
Kaplan,260,0.00,0.00,0.00,0.30,0.00,0.60,0.30,0.00,0.00,0.00,0.00,0.30,0.00,0.00,0.30,0.00,0.00,0.00,0.00,0.30,0.30,0.00,0.00,0.60,0.00,0.00,0.00,0.80,0.60,0.30,0.00,0.00,0.00,0.00,0.00,0.30,0.00,cpd(0.80)|hiring(0.60)|ai-skills(0.60)
Karbon,930,0.60,0.70,0.30,0.20,0.60,0.00,0.30,0.50,1.00,0.70,0.80,0.30,0.80,0.60,0.60,0.70,0.70,0.40,0.30,0.20,0.00,0.60,0.30,0.00,0.70,0.30,0.00,0.00,0.00,0.00,0.40,0.00,0.00,0.00,0.00,0.00,0.00,docs(1.00)|defensible-files(0.80)|disconnected(0.80)
KHI Partners UK Limited,474,0.00,0.00,0.60,0.30,0.00,0.00,0.00,0.00,0.00,0.30,0.30,0.00,0.00,0.00,0.40,0.30,0.00,0.00,0.00,0.30,0.00,0.00,0.00,0.00,0.30,0.40,0.30,0.00,0.00,0.00,0.50,0.00,0.00,0.00,0.00,0.00,0.00,mtd-volume(0.60)|cashflow(0.50)|advisory(0.40)
Landlord Studio - Free MTD Software for Landlords,1724,0.30,0.60,0.80,0.70,0.20,0.00,0.00,0.40,0.50,0.60,0.50,0.00,0.20,0.30,0.00,0.00,0.00,0.20,0.30,0.60,0.00,0.50,0.10,0.00,0.40,0.00,0.60,0.00,0.00,0.00,0.20,0.00,0.00,0.00,0.00,0.00,0.00,mtd-volume(0.80)|mtd-clients(0.70)|ai-data-mess(0.60)
LBK Insolvency Solutions Limited,574,0.00,0.00,0.00,0.00,0.00,0.00,0.00,0.00,0.30,0.00,0.30,0.30,0.00,0.00,0.60,0.60,0.00,0.00,0.00,0.00,0.00,0.00,0.00,0.00,0.00,0.00,0.00,0.00,0.00,0.00,0.00,0.00,0.00,0.00,0.00,0.00,0.00,advisory(0.60)|advisory-charge(0.60)|docs(0.30)
Lightyear,950,0.60,0.80,0.00,0.00,0.60,0.30,0.30,0.70,0.70,0.30,0.60,0.00,0.30,0.80,0.00,0.00,0.00,0.50,0.30,0.00,0.00,0.00,0.40,0.20,0.00,0.30,0.00,0.00,0.00,0.00,0.40,0.00,0.00,0.00,0.00,0.20,0.00,ai-data-mess(0.80)|ai-roi(0.80)|burnout(0.70)
LimeBooks,1181,0.00,0.60,1.00,0.30,0.30,0.00,0.00,0.60,0.60,0.30,0.30,0.00,0.30,0.00,0.00,0.00,0.00,0.00,0.00,0.30,0.00,0.00,0.00,0.00,0.00,0.30,0.00,0.00,0.00,0.00,0.00,0.00,0.00,0.00,0.00,0.00,0.00,mtd-volume(1.00)|ai-data-mess(0.60)|burnout(0.60)
Lockton,264,0.00,0.00,0.00,0.00,0.00,0.00,0.00,0.00,0.00,0.00,0.00,0.30,0.00,0.00,0.00,0.00,0.00,0.00,0.30,0.00,0.00,0.00,0.00,0.00,0.00,0.00,0.00,0.00,0.00,0.00,0.00,0.00,0.00,0.00,0.00,0.00,0.00,aml(0.30)|cyber(0.30)
London School of Business & Finance,355,0.00,0.00,0.00,0.00,0.00,0.30,0.60,0.00,0.00,0.00,0.00,0.00,0.00,0.00,0.00,0.00,0.00,0.00,0.00,0.00,0.00,0.00,0.00,0.60,0.00,0.00,0.00,1.00,0.80,0.80,0.00,0.00,0.00,0.00,0.00,0.00,0.00,cpd(1.00)|career(0.80)|leadership(0.80)
Maple Hill Outsourcing Services,1302,0.00,0.00,0.60,0.30,0.60,0.70,0.30,0.70,0.00,0.40,0.00,0.30,0.00,0.00,0.00,0.00,0.00,0.00,0.00,0.30,0.00,0.00,0.00,0.00,0.40,0.50,0.00,0.30,0.00,0.00,0.00,0.00,0.00,1.00,0.00,0.00,0.00,outsource(1.00)|hiring(0.70)|burnout(0.70)
MEL,788,0.60,0.00,0.00,0.00,0.80,0.00,0.30,0.00,0.00,0.00,0.00,0.00,0.30,0.70,0.80,1.00,1.00,0.60,0.00,0.00,0.00,0.00,0.00,0.30,0.00,0.00,0.00,0.30,0.30,0.00,0.00,0.00,0.00,0.00,0.00,0.00,0.00,advisory-charge(1.00)|winning(1.00)|margin(0.80)
Mercia,1440,0.00,0.00,0.00,0.30,0.60,0.30,0.40,0.20,0.00,0.00,0.00,1.00,0.00,0.00,0.40,0.30,0.80,0.00,0.00,0.30,0.60,0.00,0.00,0.40,0.00,0.00,0.00,1.00,0.60,0.80,0.00,0.00,0.00,0.00,0.30,0.00,0.00,aml(1.00)|cpd(1.00)|winning(0.80)
Mimo,1660,0.00,0.00,0.30,0.00,0.60,0.00,0.00,0.30,0.00,0.00,0.30,0.00,0.00,0.00,0.00,0.00,0.00,0.00,0.00,0.00,0.00,0.00,0.00,0.00,0.00,0.80,0.00,0.00,0.00,0.00,0.00,0.00,0.00,0.00,0.00,0.00,0.00,month-end(0.80)|margin(0.60)|mtd-volume(0.30)
Mindspace Outsourcing Limited,1414,0.30,0.20,0.70,0.30,0.60,0.80,0.20,0.70,0.20,0.40,0.50,0.30,0.40,0.20,0.20,0.20,0.00,0.10,0.40,0.30,0.20,0.10,0.10,0.10,0.30,0.40,0.20,0.00,0.00,0.00,0.20,0.00,0.00,1.00,0.00,0.20,0.00,outsource(1.00)|hiring(0.80)|mtd-volume(0.70)
Modulr Finance Limited,1081,0.00,0.00,0.00,0.00,0.30,0.00,0.00,0.30,0.00,0.30,0.00,0.00,0.40,0.00,0.00,0.00,0.00,0.00,0.30,0.00,0.00,0.00,0.00,0.00,0.20,0.60,0.70,0.00,0.00,0.00,0.80,0.00,0.00,0.00,0.00,0.40,0.00,cashflow(0.80)|bankfeeds(0.70)|month-end(0.60)
Moneypenny,1975,0.30,0.00,0.00,0.00,0.60,0.80,0.30,0.80,0.00,0.60,0.00,0.00,0.00,0.30,0.60,0.00,0.30,0.00,0.00,0.00,0.00,0.30,0.00,0.00,0.30,0.00,0.00,0.00,0.00,0.00,0.30,0.00,0.00,1.00,0.00,0.00,0.00,outsource(1.00)|hiring(0.80)|burnout(0.80)
Moss,1720,0.30,0.60,0.00,0.00,0.50,0.00,0.00,0.40,0.50,0.60,0.40,0.00,0.60,0.50,0.00,0.00,0.00,0.30,0.30,0.00,0.00,0.40,0.30,0.00,0.30,0.50,0.40,0.00,0.00,0.00,0.60,0.00,0.00,0.00,0.00,0.30,0.00,ai-data-mess(0.60)|chasing(0.60)|disconnected(0.60)
My Digital,1555,0.60,0.70,0.30,0.00,0.80,0.70,0.30,0.70,0.40,0.00,0.30,0.00,0.40,0.60,0.00,0.00,0.00,0.30,0.00,0.00,0.00,0.00,0.30,0.20,0.20,0.00,0.00,0.00,0.00,0.00,0.00,0.00,0.00,0.80,0.00,0.20,0.00,margin(0.80)|outsource(0.80)|ai-data-mess(0.70)
MyWorkpapers by Bright,1160,0.00,0.00,0.20,0.00,0.30,0.00,0.00,0.30,0.60,0.00,0.80,0.00,0.40,0.00,0.00,0.00,0.00,0.00,0.20,0.00,0.80,0.00,0.00,0.00,0.00,0.60,0.00,0.00,0.00,0.00,0.00,0.00,0.00,0.00,0.00,0.00,0.00,defensible-files(0.80)|frs102(0.80)|docs(0.60)
NatWest,384,0.00,0.00,0.00,0.00,0.30,0.00,0.00,0.20,0.00,0.60,0.00,0.00,0.30,0.00,0.00,0.00,0.00,0.00,0.30,0.00,0.00,0.00,0.00,0.00,0.20,0.00,0.40,0.00,0.00,0.00,0.70,0.00,0.00,0.00,0.00,0.30,0.00,cashflow(0.70)|chasing(0.60)|bankfeeds(0.40)
Nest Corporation,1540,0.00,0.00,0.00,0.00,0.00,0.00,0.00,0.00,0.00,0.00,0.00,0.00,0.00,0.00,0.00,0.00,0.00,0.00,0.00,0.00,0.00,0.20,0.00,0.00,0.00,0.00,0.30,0.00,0.00,0.00,0.20,0.00,0.00,0.00,0.00,0.00,0.00,bankfeeds(0.30)|portal(0.20)|cashflow(0.20)
nettTracker,1674,0.30,0.00,0.00,0.00,0.60,0.00,0.30,0.70,0.00,0.00,0.00,0.00,0.30,0.60,0.00,0.00,0.00,0.30,0.00,0.00,0.80,0.00,0.00,0.00,0.00,1.00,0.00,0.00,0.00,0.00,0.00,0.00,0.00,0.00,0.00,0.00,0.00,month-end(1.00)|frs102(0.80)|burnout(0.70)
Nomi,1010,0.00,0.00,0.80,0.30,0.30,0.00,0.00,0.20,0.00,0.30,0.20,0.80,0.80,0.00,0.00,0.30,0.30,0.00,0.20,0.60,0.00,0.30,0.00,0.00,0.40,0.60,0.30,0.00,0.00,0.00,0.20,0.00,0.00,0.00,0.00,0.00,0.00,mtd-volume(0.80)|aml(0.80)|disconnected(0.80)
now:pensions,814,0.00,0.00,0.00,0.00,0.30,0.00,0.60,0.00,0.00,0.30,0.30,0.00,0.60,0.00,0.60,0.50,0.30,0.00,0.30,0.00,0.00,0.60,0.00,0.00,0.30,0.00,0.00,0.20,0.00,0.00,0.20,0.00,0.00,0.00,0.20,0.00,0.00,retention(0.60)|disconnected(0.60)|advisory(0.60)
Numiva,1615,0.60,0.80,0.40,0.00,0.50,0.00,0.30,0.70,0.60,0.20,0.50,0.00,0.30,0.60,0.30,0.00,0.00,0.30,0.00,0.00,0.00,0.00,0.20,0.00,0.00,0.80,0.70,0.00,0.00,0.00,0.00,0.00,0.00,0.00,0.00,0.00,0.00,ai-data-mess(0.80)|month-end(0.80)|burnout(0.70)
Nxsys,635,0.30,0.20,0.00,0.00,0.20,0.00,0.00,0.30,0.20,0.00,0.30,0.00,0.60,0.20,0.00,0.00,0.00,0.20,0.20,0.00,0.00,0.30,0.20,0.00,0.30,0.00,0.60,0.00,0.00,0.00,0.70,0.00,0.00,0.00,0.00,0.30,0.00,cashflow(0.70)|disconnected(0.60)|bankfeeds(0.60)
Occasio,1090,0.00,0.00,0.00,0.00,0.60,0.00,0.00,0.60,0.00,0.00,0.00,0.00,0.00,0.00,0.60,0.80,0.30,0.00,0.00,0.00,0.00,0.30,0.00,0.00,0.00,0.00,0.30,0.00,0.00,0.00,0.60,0.00,0.00,0.80,0.00,0.80,0.00,advisory-charge(0.80)|outsource(0.80)|cross-border(0.80)
Odoo,1250,0.60,0.70,0.60,0.30,0.40,0.00,0.00,0.50,0.70,0.60,0.60,0.30,0.80,0.50,0.50,0.60,0.60,0.30,0.30,0.40,0.30,0.60,0.40,0.20,0.50,0.70,0.60,0.20,0.00,0.00,0.50,0.00,0.00,0.20,0.00,0.30,0.20,disconnected(0.80)|ai-data-mess(0.70)|docs(0.70)
OnboardMe,501F,0.00,0.00,0.00,0.00,0.30,0.00,0.00,0.30,0.00,0.60,0.00,0.80,0.60,0.00,0.00,0.60,0.60,0.00,0.00,0.00,0.00,0.70,0.00,0.00,1.00,0.00,0.00,0.00,0.00,0.00,0.70,0.00,0.00,0.00,0.00,0.00,0.00,onboarding(1.00)|aml(0.80)|portal(0.70)
Osome,1725,0.60,0.30,0.70,0.20,0.40,0.00,0.00,0.50,0.20,0.30,0.40,0.30,0.60,0.50,0.60,0.30,0.00,0.20,0.00,0.30,0.00,0.20,0.20,0.00,0.50,0.60,0.40,0.00,0.00,0.00,0.00,0.00,0.00,0.00,0.00,0.80,0.00,cross-border(0.80)|mtd-volume(0.70)|ai-start(0.60)
Outbooks,1010,0.00,0.00,0.60,0.30,0.80,0.80,0.60,0.70,0.00,0.30,0.30,0.30,0.00,0.00,0.00,0.00,0.00,0.00,0.00,0.30,0.00,0.00,0.00,0.00,0.30,0.60,0.00,0.00,0.00,0.00,0.00,0.00,0.00,1.00,0.00,0.00,0.00,outsource(1.00)|margin(0.80)|hiring(0.80)
Outmin,1935,0.70,0.80,0.60,0.30,0.70,0.80,0.60,0.80,0.70,0.50,0.60,0.00,0.50,0.80,0.00,0.00,0.00,0.30,0.00,0.00,0.00,0.30,0.00,0.00,0.40,0.80,0.70,0.00,0.00,0.00,0.00,0.00,0.00,0.00,0.00,0.00,0.00,ai-data-mess(0.80)|hiring(0.80)|burnout(0.80)
Pacific Global Solutions,1344,0.00,0.00,0.00,0.00,0.30,0.30,0.00,0.60,0.00,0.00,0.00,0.00,0.00,0.00,0.00,0.00,0.00,0.00,0.00,0.00,0.00,0.00,0.00,0.00,0.00,0.60,0.00,0.00,0.00,0.00,0.60,0.00,0.00,1.00,0.00,0.00,0.00,outsource(1.00)|burnout(0.60)|month-end(0.60)
Papertrail,1071,0.70,0.80,0.40,0.30,0.60,0.00,0.30,0.60,0.90,0.90,0.50,0.00,0.40,0.50,0.30,0.00,0.00,0.30,0.00,0.00,0.00,0.60,0.20,0.00,0.40,0.50,0.00,0.00,0.00,0.00,0.30,0.00,0.00,0.00,0.00,0.00,0.00,docs(0.90)|chasing(0.90)|ai-data-mess(0.80)
Payroll Sorted Ltd,730,0.00,0.00,0.00,0.00,0.60,0.80,0.30,0.60,0.00,0.00,0.30,0.00,0.00,0.00,0.00,0.00,0.00,0.00,0.30,0.00,0.00,0.00,0.00,0.00,0.30,0.00,0.00,0.00,0.00,0.00,0.00,0.00,0.00,1.00,0.00,0.00,0.00,outsource(1.00)|hiring(0.80)|margin(0.60)
Penfold,835,0.30,0.00,0.00,0.00,0.20,0.00,0.60,0.30,0.00,0.00,0.00,0.00,0.20,0.30,0.00,0.00,0.00,0.00,0.00,0.00,0.00,0.00,0.00,0.00,0.00,0.00,0.00,0.00,0.00,0.00,0.00,0.00,0.00,0.00,0.00,0.00,0.00,retention(0.60)|ai-start(0.30)|burnout(0.30)
People's Pension,1214,0.00,0.00,0.00,0.00,0.00,0.00,0.00,0.00,0.00,0.00,0.00,0.00,0.00,0.00,0.00,0.00,0.00,0.00,0.30,0.00,0.00,0.30,0.00,0.00,0.00,0.00,0.00,0.00,0.00,0.00,0.00,0.00,0.00,0.00,0.00,0.00,0.00,cyber(0.30)|portal(0.30)
Pinnacle Global Group,485,0.00,0.00,0.60,0.00,0.60,0.80,0.30,0.80,0.30,0.60,0.30,0.30,0.00,0.00,0.00,0.00,0.00,0.00,0.30,0.00,0.00,0.00,0.00,0.00,0.30,0.60,0.00,0.60,0.60,0.00,0.60,0.00,0.00,1.00,0.00,0.30,0.00,outsource(1.00)|hiring(0.80)|burnout(0.80)
Platformed,1455,0.60,0.70,0.00,0.00,0.70,0.00,0.30,0.60,0.80,0.30,0.80,0.00,0.40,0.80,0.00,0.00,0.00,0.50,0.00,0.00,0.30,0.00,0.40,0.00,0.00,0.00,0.00,0.00,0.00,0.00,0.00,0.00,0.00,0.00,0.00,0.00,0.00,docs(0.80)|defensible-files(0.80)|ai-roi(0.80)
Pleo,350,0.00,0.00,0.00,0.00,0.30,0.00,0.00,0.20,0.00,0.60,0.30,0.00,0.40,0.00,0.00,0.00,0.00,0.00,0.20,0.00,0.00,0.30,0.00,0.00,0.20,0.40,0.00,0.00,0.00,0.00,0.50,0.00,0.00,0.00,0.00,0.00,0.00,chasing(0.60)|cashflow(0.50)|disconnected(0.40)
Plot AI,1845,0.60,0.00,0.00,0.00,0.70,0.00,0.00,0.30,0.00,0.00,0.00,0.00,0.00,0.50,0.00,0.00,0.80,0.30,0.00,0.00,0.00,0.00,0.30,0.00,0.00,0.00,0.00,0.00,0.00,0.00,0.00,0.00,0.00,0.00,0.30,0.00,0.00,winning(0.80)|margin(0.70)|ai-start(0.60)
Practice Gateway,1360,0.60,0.30,0.70,0.40,0.30,0.00,0.00,0.50,0.30,0.60,0.40,0.80,0.30,0.40,0.00,0.00,0.00,0.40,0.30,0.50,0.00,0.60,0.30,0.00,0.80,0.30,0.20,0.00,0.00,0.00,0.00,0.00,0.00,0.00,0.00,0.00,0.00,aml(0.80)|onboarding(0.80)|mtd-volume(0.70)
Pro Drive IT,980,0.30,0.00,0.00,0.00,0.00,0.00,0.00,0.20,0.00,0.00,0.00,0.00,0.30,0.20,0.00,0.00,0.00,0.20,0.80,0.00,0.00,0.00,0.30,0.20,0.00,0.00,0.00,0.00,0.00,0.00,0.00,0.00,0.00,0.30,0.00,0.00,0.00,cyber(0.80)|ai-start(0.30)|disconnected(0.30)
ProfitPro,1094,0.00,0.00,0.00,0.00,0.90,0.00,0.60,0.70,0.00,0.00,0.00,0.00,0.00,0.00,0.70,0.80,0.60,0.00,0.00,0.00,0.00,0.00,0.00,0.00,0.30,0.00,0.00,0.50,0.40,0.70,0.00,0.00,0.00,0.00,0.60,0.00,0.00,margin(0.90)|advisory-charge(0.80)|burnout(0.70)
Progress,1765,0.60,0.30,0.00,0.00,0.00,0.00,0.00,0.00,0.20,0.30,0.00,0.00,0.40,0.60,0.00,0.50,0.50,0.30,0.70,0.00,0.00,0.40,0.40,0.20,0.20,0.00,0.00,0.00,0.00,0.00,0.20,0.00,0.00,0.00,0.00,0.00,0.00,cyber(0.70)|ai-start(0.60)|ai-roi(0.60)
PSS,1745,0.00,0.00,0.00,0.00,0.00,0.00,0.00,0.00,0.00,0.00,0.00,0.00,0.00,0.00,0.00,0.00,0.00,0.00,0.00,0.00,0.00,0.00,0.00,0.00,0.00,0.00,0.00,0.00,0.00,0.00,0.00,0.00,0.00,0.00,0.00,0.00,1.00,rd(1.00)
QYON AI Accounting Software,1470,0.60,0.80,0.80,0.30,0.30,0.00,0.00,0.60,0.80,0.60,0.60,0.00,0.60,0.30,0.00,0.30,0.30,0.00,0.00,0.30,0.00,0.30,0.00,0.00,0.30,0.60,0.00,0.00,0.00,0.00,0.60,0.00,0.00,0.00,0.00,0.00,0.00,ai-data-mess(0.80)|mtd-volume(0.80)|docs(0.80)
Rainstone Money,530,0.00,0.00,0.00,0.00,0.00,0.00,0.00,0.00,0.00,0.00,0.00,0.00,0.00,0.00,0.00,0.00,0.00,0.00,0.00,0.00,0.00,0.30,0.00,0.00,0.00,0.00,0.00,0.00,0.00,0.00,0.30,0.00,0.00,0.00,0.00,0.00,0.00,portal(0.30)|cashflow(0.30)
randd uk,890,0.00,0.00,0.00,0.00,0.00,0.00,0.00,0.00,0.00,0.00,0.00,0.00,0.00,0.00,0.00,0.00,0.00,0.00,0.00,0.00,0.00,0.00,0.00,0.00,0.00,0.00,0.00,0.00,0.00,0.00,0.00,0.00,0.00,0.30,0.00,0.00,1.00,rd(1.00)|outsource(0.30)
RB Accounts & Offshore Directorship,501D,0.00,0.00,0.30,0.00,0.80,0.80,0.00,0.60,0.00,0.30,0.00,0.00,0.00,0.00,0.00,0.00,0.00,0.00,0.00,0.00,0.00,0.00,0.00,0.00,0.30,0.30,0.00,0.00,0.00,0.00,0.00,0.00,0.00,1.00,0.00,0.00,0.00,outsource(1.00)|margin(0.80)|hiring(0.80)
Reach Reporting,1770,0.30,0.80,0.00,0.00,0.30,0.00,0.00,0.40,0.30,0.00,0.00,0.00,0.60,0.40,0.00,0.00,0.00,0.00,0.00,0.00,0.00,0.00,0.00,0.00,0.00,0.70,0.00,0.00,0.00,0.00,0.70,0.00,0.00,0.00,0.00,0.00,0.00,ai-data-mess(0.80)|month-end(0.70)|cashflow(0.70)
Receeva,501K,0.00,0.00,0.00,0.00,0.00,0.00,0.00,0.00,0.80,0.60,0.70,0.00,0.30,0.00,0.00,0.00,0.00,0.00,0.80,0.00,0.00,0.60,0.00,0.00,0.30,0.00,0.00,0.00,0.00,0.00,0.00,0.00,0.00,0.00,0.00,0.00,0.00,docs(0.80)|cyber(0.80)|defensible-files(0.70)
Record OS,1824,0.60,0.80,1.00,0.60,0.80,0.30,0.30,0.70,0.70,0.60,0.50,0.00,0.40,0.70,0.00,0.00,0.00,0.30,0.00,0.50,0.00,0.40,0.20,0.00,0.40,0.00,0.00,0.00,0.00,0.00,0.00,0.00,0.00,0.00,0.00,0.00,0.00,mtd-volume(1.00)|ai-data-mess(0.80)|margin(0.80)
RentalBux,991,0.00,0.00,0.80,0.30,0.00,0.00,0.00,0.30,0.80,0.60,0.60,0.00,0.30,0.00,0.00,0.00,0.00,0.00,0.00,0.30,0.00,0.00,0.00,0.00,0.30,0.60,0.00,0.00,0.00,0.00,0.60,0.00,0.00,0.00,0.00,0.00,0.00,mtd-volume(0.80)|docs(0.80)|chasing(0.60)
RewardsEarth Ltd,1509,0.00,0.00,0.00,0.00,0.00,0.00,0.00,0.00,0.00,0.00,0.00,0.00,0.00,0.00,0.00,0.00,0.00,0.00,0.00,0.00,0.00,0.00,0.00,0.00,0.00,0.00,0.00,0.00,0.00,0.00,0.00,0.00,0.00,0.00,0.00,0.00,0.00,
RICOH and ScanSnap Scanners,575,0.30,0.80,0.80,0.70,0.30,0.00,0.00,0.60,1.00,0.60,0.70,0.20,0.60,0.30,0.00,0.00,0.00,0.20,0.20,0.30,0.00,0.20,0.20,0.00,0.50,0.30,0.00,0.00,0.00,0.00,0.00,0.00,0.00,0.00,0.00,0.00,0.00,docs(1.00)|ai-data-mess(0.80)|mtd-volume(0.80)
RollPay Bureau Limited,881,0.00,0.00,0.70,0.30,0.60,0.80,0.00,0.60,0.30,0.40,0.50,0.00,0.30,0.00,0.00,0.00,0.00,0.00,0.30,0.60,0.00,0.20,0.00,0.00,0.50,0.40,0.20,0.00,0.00,0.00,0.20,0.00,0.00,0.90,0.00,0.20,0.00,outsource(0.90)|hiring(0.80)|mtd-volume(0.70)
Roma Finance,695,0.00,0.00,0.00,0.00,0.30,0.00,0.00,0.00,0.00,0.00,0.00,0.00,0.00,0.00,0.30,0.30,0.30,0.00,0.00,0.00,0.00,0.00,0.00,0.00,0.00,0.00,0.00,0.00,0.00,0.00,0.30,0.00,0.00,0.00,0.00,0.00,0.00,margin(0.30)|advisory(0.30)|advisory-charge(0.30)
Roomex,250,0.00,0.00,0.00,0.00,0.20,0.00,0.00,0.10,0.00,0.30,0.20,0.00,0.20,0.00,0.00,0.00,0.00,0.00,0.20,0.00,0.00,0.40,0.00,0.00,0.20,0.30,0.10,0.00,0.00,0.00,0.00,0.00,0.00,0.00,0.00,0.20,0.00,portal(0.40)|chasing(0.30)|month-end(0.30)
RPost,1161,0.00,0.30,0.00,0.00,0.00,0.00,0.00,0.00,0.80,0.30,0.80,0.00,0.30,0.00,0.00,0.00,0.00,0.00,0.80,0.00,0.00,0.00,0.30,0.00,0.30,0.00,0.00,0.00,0.00,0.00,0.00,0.00,0.00,0.00,0.00,0.00,0.00,docs(0.80)|defensible-files(0.80)|cyber(0.80)
RQ,174,0.00,0.00,0.00,0.00,0.60,0.00,0.00,0.00,0.00,0.00,0.00,0.00,0.30,0.00,0.60,0.80,0.80,0.00,0.00,0.00,0.00,0.00,0.00,0.00,0.30,0.00,0.00,0.00,0.00,0.00,0.30,0.00,0.00,0.00,0.00,0.00,0.00,advisory-charge(0.80)|winning(0.80)|margin(0.60)
Rubli Lease Accounting Software,564,0.30,0.20,0.00,0.00,0.00,0.00,0.00,0.30,0.20,0.00,0.60,0.00,0.20,0.40,0.00,0.00,0.00,0.00,0.00,0.00,1.00,0.00,0.20,0.00,0.00,0.30,0.00,0.00,0.00,0.00,0.00,0.00,0.00,0.00,0.00,0.00,0.00,frs102(1.00)|defensible-files(0.60)|ai-roi(0.40)
Sage,1220,0.60,0.30,0.80,0.30,0.30,0.00,0.00,0.40,0.30,0.40,0.50,0.30,0.60,0.40,0.00,0.00,0.00,0.30,0.20,0.50,0.20,0.30,0.20,0.20,0.30,0.50,0.40,0.00,0.00,0.00,0.30,0.00,0.00,0.00,0.00,0.20,0.10,mtd-volume(0.80)|ai-start(0.60)|disconnected(0.60)
Scan-Optics Ltd,1410,0.30,0.80,0.20,0.30,0.00,0.00,0.00,0.60,1.00,0.40,0.60,0.00,0.30,0.20,0.00,0.00,0.00,0.30,0.00,0.00,0.00,0.00,0.20,0.20,0.30,0.20,0.00,0.00,0.00,0.00,0.00,0.00,0.00,0.00,0.00,0.00,0.00,docs(1.00)|ai-data-mess(0.80)|burnout(0.60)
Scope,1140,0.60,0.30,0.40,0.30,0.50,0.00,0.00,0.30,0.40,0.50,0.40,0.30,0.70,0.50,0.50,0.70,0.70,0.30,0.30,0.20,0.20,0.50,0.20,0.20,0.50,0.40,0.30,0.00,0.00,0.00,0.40,0.00,0.00,0.20,0.00,0.30,0.00,disconnected(0.70)|advisory-charge(0.70)|winning(0.70)
SEIDOR,1840,0.30,0.60,0.20,0.00,0.20,0.00,0.00,0.30,0.50,0.20,0.40,0.00,0.60,0.20,0.00,0.00,0.00,0.20,0.10,0.00,0.00,0.20,0.30,0.00,0.30,0.80,0.40,0.00,0.00,0.00,0.60,0.00,0.00,0.00,0.00,0.20,0.00,month-end(0.80)|ai-data-mess(0.60)|disconnected(0.60)
Silverfin,1095,0.60,0.80,0.70,0.30,0.60,0.00,0.30,0.50,1.00,0.40,0.80,0.20,0.90,0.70,0.70,0.30,0.00,0.30,0.00,0.20,0.20,0.30,0.20,0.00,0.40,0.70,0.00,0.00,0.00,0.00,0.00,0.00,0.00,0.00,0.00,0.00,0.00,docs(1.00)|disconnected(0.90)|ai-data-mess(0.80)
smartZebra GmbH,1726,0.00,0.00,0.00,0.00,0.30,0.00,0.00,0.00,0.00,0.00,0.00,0.00,0.30,0.60,0.70,0.60,0.30,0.00,0.00,0.00,0.00,0.00,0.00,0.00,0.00,0.00,0.00,0.00,0.00,0.00,0.00,0.60,0.30,0.00,0.60,0.30,0.00,advisory(0.70)|ai-roi(0.60)|advisory-charge(0.60)
Socket Digital Limited,1741,0.00,0.00,0.00,0.00,0.00,0.00,0.00,0.00,0.00,0.00,0.00,0.00,0.00,0.00,0.00,0.00,0.00,0.00,0.00,0.00,0.00,0.00,0.00,0.00,0.00,0.00,0.00,0.00,0.00,0.00,0.00,0.00,0.00,0.00,0.00,0.00,0.00,
Speedbooks,1754,0.00,0.00,0.00,0.00,0.60,0.00,0.00,0.30,0.00,0.00,0.00,0.00,0.30,0.00,0.70,0.60,0.00,0.00,0.00,0.00,0.00,0.00,0.00,0.00,0.00,0.70,0.00,0.00,0.00,0.00,0.30,0.00,0.00,0.00,0.00,0.00,0.00,advisory(0.70)|month-end(0.70)|margin(0.60)
Spreadsheetsoftware - Understand Every Spreadsheet,1401,0.30,0.60,0.00,0.00,0.30,0.00,0.20,0.30,0.00,0.00,0.20,0.00,0.30,0.60,0.00,0.00,0.00,0.40,0.00,0.00,0.00,0.00,0.20,0.00,0.00,0.50,0.00,0.00,0.00,0.00,0.00,0.00,0.00,0.00,0.00,0.00,0.00,ai-data-mess(0.60)|ai-roi(0.60)|month-end(0.50)
Starling,1270,0.00,0.00,0.60,0.30,0.00,0.00,0.00,0.00,0.00,0.00,0.00,0.30,0.30,0.00,0.00,0.00,0.00,0.00,0.30,0.30,0.00,0.00,0.00,0.00,0.30,0.00,0.80,0.00,0.00,0.00,0.60,0.00,0.00,0.00,0.00,0.30,0.00,bankfeeds(0.80)|mtd-volume(0.60)|cashflow(0.60)
Sterling,631,0.00,0.00,0.00,0.00,0.30,0.00,0.00,0.60,0.00,0.80,0.00,0.00,0.00,0.00,0.00,0.00,0.00,0.00,0.00,0.00,0.00,0.00,0.00,0.00,0.30,0.60,0.00,0.00,0.00,0.00,0.80,0.00,0.00,1.00,0.00,0.30,0.00,outsource(1.00)|chasing(0.80)|cashflow(0.80)
Streem Connect,780,0.30,0.80,0.60,0.30,0.00,0.00,0.00,0.70,0.30,1.00,0.40,0.00,0.30,0.40,0.00,0.00,0.00,0.20,0.00,0.30,0.00,0.60,0.00,0.00,0.50,0.70,1.00,0.00,0.00,0.00,0.30,0.00,0.00,0.00,0.00,0.00,0.00,chasing(1.00)|bankfeeds(1.00)|ai-data-mess(0.80)
SuiteFiles,931,0.30,0.80,0.30,0.20,0.40,0.20,0.30,0.50,1.00,0.90,0.70,0.20,0.60,0.30,0.60,0.20,0.00,0.30,0.40,0.00,0.00,0.70,0.20,0.00,0.50,0.20,0.00,0.00,0.00,0.00,0.00,0.00,0.00,0.00,0.00,0.00,0.00,docs(1.00)|chasing(0.90)|ai-data-mess(0.80)
Summa Tech,1750,0.00,0.30,0.00,0.00,0.00,0.00,0.00,0.30,0.80,0.60,0.70,1.00,0.30,0.00,0.00,0.00,0.00,0.00,0.30,0.00,0.00,0.60,0.00,0.00,1.00,0.00,0.00,0.00,0.00,0.00,0.00,0.00,0.00,0.00,0.00,0.00,0.00,aml(1.00)|onboarding(1.00)|docs(0.80)
Suralink,1618,0.70,0.90,0.50,0.20,0.40,0.30,0.30,0.60,1.00,0.70,0.80,0.20,0.60,0.70,0.20,0.00,0.20,0.50,0.40,0.00,0.00,0.80,0.40,0.30,0.50,0.30,0.00,0.00,0.00,0.00,0.20,0.00,0.00,0.20,0.00,0.00,0.00,docs(1.00)|ai-data-mess(0.90)|defensible-files(0.80)
Swoop Funding,1340,0.00,0.00,0.00,0.00,0.30,0.00,0.00,0.00,0.00,0.00,0.00,0.00,0.30,0.00,0.00,0.00,0.00,0.00,0.00,0.00,0.00,0.00,0.00,0.00,0.00,0.00,0.30,0.00,0.00,0.00,0.60,0.00,0.00,0.00,0.00,0.00,0.00,cashflow(0.60)|margin(0.30)|disconnected(0.30)
Syndesi,501L,0.00,0.00,0.00,0.00,0.60,0.00,0.00,0.00,0.00,0.00,0.00,0.00,0.00,0.00,0.80,0.60,0.30,0.00,0.00,0.00,0.00,0.00,0.00,0.00,0.00,0.00,0.00,0.00,0.30,0.00,0.00,0.00,0.00,0.30,0.00,0.00,0.00,advisory(0.80)|margin(0.60)|advisory-charge(0.60)
Tax Accountant Franchise,985,0.00,0.00,0.60,0.30,0.60,0.30,0.00,0.30,0.00,0.00,0.00,0.00,0.00,0.00,0.30,0.00,0.60,0.00,0.00,0.30,0.00,0.00,0.00,0.00,0.30,0.00,0.00,0.30,0.00,0.00,0.00,0.00,0.60,0.60,0.00,0.00,0.00,mtd-volume(0.60)|margin(0.60)|winning(0.60)
Tax Canary,1445,0.30,0.00,0.00,0.00,0.60,0.00,0.00,0.00,0.00,0.00,0.00,0.00,0.00,0.40,0.80,0.70,0.00,0.00,0.00,0.00,0.00,0.00,0.00,0.00,0.00,0.00,0.00,0.00,0.00,0.00,0.00,0.00,0.00,0.00,0.50,1.00,0.00,cross-border(1.00)|advisory(0.80)|advisory-charge(0.70)
Tax Essentials for Advisors,784,0.70,0.30,0.80,0.20,0.40,0.30,0.20,0.40,0.10,0.00,0.20,0.00,0.10,0.50,0.30,0.10,0.00,0.20,0.30,0.60,0.00,0.00,0.40,0.20,0.00,0.00,0.00,0.00,0.00,0.00,0.00,0.00,0.00,0.00,0.20,0.10,0.80,mtd-volume(0.80)|rd(0.80)|ai-start(0.70)
Tax Notes,585,0.00,0.00,0.60,0.30,0.60,0.00,0.00,0.00,0.00,0.00,0.00,0.00,0.00,0.00,0.30,0.60,0.80,0.00,0.00,0.30,0.00,0.00,0.00,0.00,0.00,0.00,0.00,0.00,0.00,0.00,0.00,0.00,0.00,0.00,0.30,0.00,0.00,winning(0.80)|mtd-volume(0.60)|margin(0.60)
Tax World UK,254,0.70,0.20,0.30,0.20,0.40,0.30,0.20,0.40,0.00,0.00,0.00,0.00,0.10,0.60,0.30,0.20,0.00,0.30,0.00,0.40,0.20,0.00,0.20,0.30,0.00,0.00,0.00,0.10,0.00,0.00,0.00,0.00,0.00,0.00,0.00,0.10,0.50,ai-start(0.70)|ai-roi(0.60)|rd(0.50)
TaxAssist Accountants,667,0.00,0.00,0.30,0.20,0.60,0.70,0.30,0.20,0.00,0.00,0.00,0.20,0.00,0.00,0.60,0.30,0.70,0.00,0.00,0.30,0.20,0.00,0.00,0.00,0.40,0.00,0.00,0.70,0.60,0.50,0.20,0.00,0.40,0.20,0.30,0.20,0.20,hiring(0.70)|winning(0.70)|cpd(0.70)
TaxCalc,750,0.00,0.00,0.80,0.30,0.60,0.00,0.00,0.30,0.30,0.60,0.60,0.30,0.70,0.00,0.00,0.00,0.00,0.00,0.00,0.60,0.30,0.60,0.00,0.00,0.80,0.60,0.30,0.00,0.00,0.00,0.60,0.00,0.00,0.00,0.00,0.00,0.00,mtd-volume(0.80)|onboarding(0.80)|disconnected(0.70)
TaxDome,1670,0.30,0.60,0.40,0.30,0.60,0.00,0.00,0.50,0.80,0.70,0.70,0.20,0.90,0.30,0.40,0.60,0.60,0.20,0.30,0.20,0.00,1.00,0.10,0.00,0.60,0.30,0.20,0.00,0.00,0.00,0.60,0.00,0.00,0.20,0.00,0.00,0.00,portal(1.00)|disconnected(0.90)|docs(0.80)
TaxNav,1314,0.00,0.00,1.00,0.60,0.30,0.00,0.00,0.30,0.00,0.60,0.00,0.00,0.00,0.00,0.00,0.00,0.00,0.00,0.00,0.80,0.00,0.30,0.00,0.00,0.00,0.00,0.00,0.00,0.00,0.00,0.00,0.00,0.00,0.00,0.00,0.00,0.00,mtd-volume(1.00)|penalties(0.80)|mtd-clients(0.60)
Taxpad Ltd,880,0.00,0.00,0.80,0.30,0.00,0.00,0.00,0.30,0.20,0.00,0.60,0.30,0.00,0.00,0.00,0.00,0.00,0.00,0.20,0.60,0.20,0.30,0.00,0.00,0.70,0.30,0.30,0.00,0.00,0.00,0.00,0.00,0.00,0.00,0.00,0.00,0.00,mtd-volume(0.80)|onboarding(0.70)|defensible-files(0.60)
Telleroo,1185,0.00,0.00,0.00,0.00,0.20,0.00,0.00,0.30,0.00,0.00,0.40,0.00,0.60,0.00,0.00,0.00,0.00,0.00,0.60,0.00,0.00,0.00,0.00,0.00,0.00,0.40,0.00,0.00,0.00,0.00,0.80,0.00,0.00,0.00,0.00,0.60,0.00,cashflow(0.80)|disconnected(0.60)|cyber(0.60)
The AIR Network Limited,970,0.00,0.00,0.00,0.00,0.00,0.00,0.00,0.00,0.00,0.00,0.00,0.00,0.00,0.00,0.00,0.00,0.00,0.00,0.00,0.00,0.00,0.00,0.00,0.00,0.00,0.00,0.00,0.00,0.00,0.00,0.00,0.00,0.00,0.00,0.00,0.00,0.00,
The Audit Experts,1640,0.00,0.00,0.00,0.00,0.30,0.60,0.00,0.30,0.00,0.00,0.80,0.00,0.00,0.00,0.00,0.00,0.00,0.00,0.00,0.00,0.60,0.00,0.00,0.00,0.00,0.00,0.00,0.00,0.00,0.00,0.00,0.00,0.00,1.00,0.00,0.00,0.00,outsource(1.00)|defensible-files(0.80)|hiring(0.60)
The Chartered Institute of Payroll Professionals,714,0.00,0.00,0.00,0.00,0.20,0.30,0.40,0.00,0.00,0.00,0.00,0.00,0.00,0.00,0.00,0.00,0.00,0.00,0.00,0.00,0.00,0.00,0.00,0.60,0.00,0.00,0.00,0.80,0.70,0.30,0.00,0.00,0.00,0.00,0.00,0.00,0.00,cpd(0.80)|career(0.70)|ai-skills(0.60)
The dot HQ,1021,0.00,0.00,0.30,0.00,0.60,0.80,0.00,0.80,0.00,0.30,0.00,0.00,0.00,0.00,0.00,0.00,0.00,0.00,0.00,0.00,0.00,0.00,0.00,0.00,0.30,0.60,0.00,0.30,0.00,0.30,0.00,0.00,0.00,1.00,0.00,0.00,0.00,outsource(1.00)|hiring(0.80)|burnout(0.80)
The Ink Group,534,0.00,0.00,0.00,0.00,0.30,0.00,0.60,0.30,0.00,0.00,0.00,0.00,0.00,0.00,0.60,0.60,0.00,0.00,0.00,0.00,0.00,0.00,0.00,0.00,0.30,0.00,0.00,0.00,0.00,0.30,0.00,0.00,0.00,0.30,0.00,0.00,0.00,retention(0.60)|advisory(0.60)|advisory-charge(0.60)
The Institute of Chartered Accountants of India,1830,0.00,0.00,0.00,0.00,0.00,0.30,0.30,0.00,0.00,0.00,0.00,0.00,0.00,0.00,0.00,0.00,0.00,0.00,0.00,0.00,0.00,0.00,0.00,0.60,0.00,0.00,0.00,0.80,0.60,0.30,0.00,0.00,0.00,0.00,0.00,0.00,0.00,cpd(0.80)|ai-skills(0.60)|career(0.60)
The Institute of Chartered Accountants of Nepal,1825,0.00,0.00,0.00,0.00,0.00,0.30,0.30,0.00,0.00,0.00,0.00,0.00,0.00,0.00,0.00,0.00,0.00,0.00,0.00,0.00,0.00,0.00,0.00,0.60,0.00,0.00,0.00,0.80,0.60,0.60,0.00,0.00,0.00,0.00,0.00,0.00,0.00,cpd(0.80)|ai-skills(0.60)|career(0.60)
Thomson Reuters,1710,0.60,0.80,0.90,0.30,0.20,0.00,0.00,0.40,0.90,0.30,0.70,0.50,0.60,0.80,0.20,0.00,0.00,0.30,0.40,0.60,0.30,0.50,0.40,0.20,0.40,0.50,0.30,0.00,0.00,0.00,0.20,0.00,0.00,0.20,0.00,0.40,0.30,mtd-volume(0.90)|docs(0.90)|ai-data-mess(0.80)
Tide,1411,0.00,0.00,0.70,0.30,0.00,0.00,0.00,0.20,0.30,0.60,0.50,0.00,0.80,0.00,0.00,0.00,0.00,0.00,0.30,0.40,0.00,0.30,0.00,0.00,0.50,0.60,0.80,0.00,0.00,0.00,0.70,0.00,0.00,0.00,0.00,0.30,0.00,disconnected(0.80)|bankfeeds(0.80)|mtd-volume(0.70)
TimeKeeper by Bright,1160,0.00,0.00,0.00,0.00,0.60,0.00,0.30,0.30,0.00,0.00,0.00,0.00,0.30,0.00,0.00,0.00,0.00,0.00,0.00,0.00,0.00,0.00,0.00,0.00,0.00,0.00,0.00,0.00,0.00,0.30,0.00,0.00,0.00,0.00,0.00,0.00,0.00,margin(0.60)|retention(0.30)|burnout(0.30)
Tipalti Europe,1034,0.30,0.00,0.00,0.00,0.00,0.00,0.00,0.60,0.00,0.00,0.30,0.80,0.60,0.60,0.00,0.00,0.00,0.30,0.30,0.00,0.00,0.00,0.30,0.00,0.00,0.80,0.80,0.00,0.00,0.00,0.80,0.00,0.00,0.00,0.00,0.80,0.00,aml(0.80)|month-end(0.80)|bankfeeds(0.80)
Tolley,580,0.60,0.30,0.80,0.30,0.20,0.00,0.00,0.30,0.20,0.10,0.30,0.20,0.20,0.60,0.10,0.00,0.00,0.40,0.10,0.70,0.60,0.10,0.20,0.60,0.20,0.20,0.00,0.80,0.30,0.20,0.00,0.00,0.00,0.00,0.00,0.30,0.40,mtd-volume(0.80)|cpd(0.80)|penalties(0.70)
Trullion,1570,0.60,0.80,0.30,0.00,0.30,0.00,0.00,0.60,0.80,0.30,0.80,0.00,0.60,0.60,0.00,0.00,0.00,0.30,0.00,0.00,0.00,0.00,0.60,0.00,0.00,0.60,0.00,0.00,0.00,0.00,0.00,0.00,0.00,0.00,0.00,0.00,0.00,ai-data-mess(0.80)|docs(0.80)|defensible-files(0.80)
Unipaas,1274,0.30,0.00,0.00,0.00,0.60,0.00,0.00,0.00,0.00,0.80,0.00,0.00,0.60,0.30,0.00,0.00,0.00,0.00,0.30,0.00,0.00,0.00,0.00,0.00,0.00,0.60,0.80,0.00,0.00,0.00,0.80,0.00,0.00,0.00,0.00,0.30,0.00,chasing(0.80)|bankfeeds(0.80)|cashflow(0.80)
Unleashed Software,960,0.30,0.60,0.00,0.00,0.60,0.00,0.00,0.30,0.20,0.30,0.00,0.00,0.60,0.30,0.70,0.80,0.60,0.00,0.00,0.00,0.00,0.20,0.00,0.00,0.20,0.60,0.00,0.00,0.00,0.00,0.80,0.00,0.00,0.00,0.60,0.00,0.00,advisory-charge(0.80)|cashflow(0.80)|advisory(0.70)
Valid Value - Business Valuation Software,1501,0.00,0.00,0.00,0.00,0.30,0.00,0.00,0.20,0.00,0.00,0.00,0.00,0.00,0.00,0.60,0.60,0.00,0.00,0.00,0.00,0.00,0.00,0.00,0.00,0.00,0.00,0.00,0.00,0.00,0.00,0.00,0.80,0.80,0.00,0.30,0.00,0.00,pe(0.80)|exit(0.80)|advisory(0.60)
Valutico Business Valuation Software,1450,0.60,0.00,0.00,0.00,0.70,0.00,0.00,0.30,0.00,0.00,0.70,0.00,0.00,0.80,0.80,0.80,0.30,0.00,0.00,0.00,0.00,0.00,0.00,0.30,0.00,0.00,0.00,0.00,0.00,0.00,0.00,0.60,0.80,0.00,0.30,0.00,0.00,ai-roi(0.80)|advisory(0.80)|advisory-charge(0.80)
VAT IT,1375,0.00,0.00,0.60,0.30,0.30,0.00,0.00,0.40,0.00,0.00,0.00,0.00,0.20,0.00,0.40,0.40,0.00,0.00,0.00,0.50,0.00,0.00,0.00,0.00,0.00,0.00,0.00,0.00,0.00,0.00,0.00,0.00,0.00,0.00,0.00,0.30,0.00,mtd-volume(0.60)|penalties(0.50)|burnout(0.40)
Veritas,1084,0.30,0.70,0.30,0.00,0.00,0.00,0.00,0.40,0.80,0.40,0.60,0.00,0.50,0.20,0.00,0.00,0.00,0.20,0.30,0.00,0.00,0.00,0.20,0.00,0.30,0.40,0.20,0.00,0.00,0.00,0.50,0.00,0.00,0.00,0.00,0.00,0.00,docs(0.80)|ai-data-mess(0.70)|defensible-files(0.60)
Vertex Inc.,1925,0.30,0.00,0.60,0.00,0.00,0.00,0.00,0.00,0.00,0.00,0.00,0.00,0.30,0.30,0.00,0.00,0.00,0.00,0.00,0.60,0.00,0.00,0.00,0.00,0.00,0.00,0.00,0.00,0.00,0.00,0.00,0.00,0.00,0.00,0.00,0.80,0.00,cross-border(0.80)|mtd-volume(0.60)|penalties(0.60)
VFD Pro,1960,0.60,0.30,0.00,0.00,0.70,0.00,0.00,0.30,0.00,0.00,0.00,0.00,0.30,0.80,0.80,0.60,0.30,0.30,0.00,0.00,0.00,0.00,0.30,0.30,0.00,0.60,0.00,0.00,0.00,0.00,0.50,0.60,0.90,0.00,0.30,0.00,0.00,exit(0.90)|ai-roi(0.80)|advisory(0.80)
Visa,720,0.00,0.00,0.00,0.00,0.30,0.00,0.00,0.30,0.00,0.60,0.00,0.00,0.30,0.00,0.00,0.00,0.00,0.00,0.30,0.00,0.00,0.00,0.00,0.00,0.30,0.60,0.80,0.00,0.00,0.00,0.80,0.00,0.00,0.00,0.00,0.30,0.00,bankfeeds(0.80)|cashflow(0.80)|chasing(0.60)
VSiD Verify,1751,0.30,0.00,0.00,0.00,0.00,0.00,0.00,0.60,0.80,0.80,0.80,1.00,0.60,0.30,0.00,0.00,0.00,0.30,0.30,0.00,0.00,0.60,0.30,0.00,1.00,0.00,0.00,0.00,0.00,0.00,0.00,0.00,0.00,0.00,0.00,0.00,0.00,aml(1.00)|onboarding(1.00)|docs(0.80)
White Bull Solutions LLP,1775,0.00,0.00,0.70,0.00,0.60,0.80,0.30,0.80,0.00,0.00,0.00,0.00,0.00,0.00,0.00,0.00,0.00,0.00,0.30,0.30,0.20,0.00,0.00,0.00,0.00,0.60,0.00,0.00,0.00,0.00,0.00,0.00,0.00,1.00,0.00,0.00,0.00,outsource(1.00)|hiring(0.80)|burnout(0.80)
White Rose Finance Group,365,0.00,0.00,0.00,0.00,0.30,0.60,0.30,0.00,0.00,0.00,0.00,0.00,0.00,0.00,0.00,0.00,0.40,0.00,0.00,0.00,0.00,0.00,0.00,0.00,0.00,0.00,0.00,0.60,0.30,0.30,0.80,0.00,0.30,0.00,0.00,0.00,0.00,cashflow(0.80)|hiring(0.60)|cpd(0.60)
Willow Pay Ltd,1454,0.00,0.00,0.00,0.00,0.30,0.00,0.00,0.30,0.00,0.00,0.00,0.00,0.30,0.00,0.00,0.00,0.00,0.00,0.00,0.00,0.00,0.30,0.00,0.00,0.30,0.00,0.30,0.00,0.00,0.00,0.60,0.00,0.00,0.80,0.00,0.00,0.00,outsource(0.80)|cashflow(0.60)|margin(0.30)
Wolters Kluwer Tax & Accounting UK,1760,0.60,0.30,1.00,0.30,0.00,0.00,0.00,0.30,0.60,0.30,0.70,1.00,0.80,0.30,0.00,0.00,0.00,0.30,0.30,0.60,0.00,0.60,0.30,0.00,0.60,0.60,0.30,0.00,0.00,0.00,0.00,0.00,0.00,0.00,0.00,0.00,0.00,mtd-volume(1.00)|aml(1.00)|disconnected(0.80)
Workiro,1144,0.30,0.80,0.30,0.20,0.20,0.00,0.00,0.40,1.00,0.60,1.00,0.30,0.70,0.20,0.00,0.00,0.00,0.30,0.40,0.00,0.00,0.80,0.30,0.00,0.50,0.20,0.00,0.00,0.00,0.00,0.00,0.00,0.00,0.00,0.00,0.00,0.00,docs(1.00)|defensible-files(1.00)|ai-data-mess(0.80)
XBert,594,0.70,0.60,0.30,0.00,0.40,0.00,0.00,0.60,0.50,0.20,0.30,0.00,0.70,0.50,0.00,0.00,0.00,0.30,0.00,0.00,0.00,0.00,0.20,0.20,0.00,0.50,0.30,0.00,0.00,0.00,0.00,0.00,0.00,0.00,0.00,0.00,0.00,ai-start(0.70)|disconnected(0.70)|ai-data-mess(0.60)
Xenon Connect,390,0.30,0.60,0.70,0.30,0.20,0.00,0.00,0.50,0.40,0.20,0.50,0.00,0.60,0.40,0.00,0.00,0.00,0.20,0.00,0.50,0.00,0.00,0.20,0.00,0.20,0.60,0.40,0.00,0.00,0.00,0.00,0.00,0.00,0.00,0.00,0.00,0.00,mtd-volume(0.70)|ai-data-mess(0.60)|disconnected(0.60)
Xero,940,0.60,0.70,0.80,0.50,0.30,0.00,0.00,0.40,0.60,0.50,0.60,0.20,0.70,0.50,0.40,0.20,0.30,0.30,0.30,0.50,0.20,0.40,0.20,0.20,0.40,0.60,0.60,0.20,0.00,0.00,0.50,0.00,0.00,0.30,0.20,0.30,0.10,mtd-volume(0.80)|ai-data-mess(0.70)|disconnected(0.70)
Xledger UK,1240,0.60,0.70,0.40,0.00,0.30,0.00,0.00,0.40,0.60,0.30,0.50,0.00,0.50,0.60,0.00,0.00,0.00,0.30,0.00,0.20,0.00,0.00,0.00,0.00,0.00,0.70,0.00,0.00,0.00,0.00,0.40,0.00,0.00,0.00,0.00,0.00,0.00,ai-data-mess(0.70)|month-end(0.70)|ai-start(0.60)
XU Magazine,510,0.30,0.00,0.20,0.20,0.20,0.20,0.20,0.10,0.00,0.00,0.00,0.20,0.00,0.30,0.20,0.20,0.20,0.10,0.20,0.30,0.30,0.00,0.20,0.30,0.00,0.00,0.00,0.80,0.40,0.20,0.20,0.20,0.10,0.10,0.20,0.20,0.20,cpd(0.80)|career(0.40)|ai-start(0.30)
Yempo Solutions,461,0.00,0.00,0.60,0.00,0.70,0.80,0.30,0.80,0.00,0.30,0.00,0.00,0.00,0.00,0.40,0.00,0.00,0.00,0.00,0.00,0.00,0.00,0.00,0.00,0.40,0.70,0.00,0.00,0.00,0.00,0.30,0.00,0.00,1.00,0.00,0.30,0.00,outsource(1.00)|hiring(0.80)|burnout(0.80)
Zahara,1874,0.60,0.70,0.00,0.00,0.40,0.00,0.30,0.60,0.70,0.50,0.60,0.00,0.70,0.60,0.00,0.00,0.00,0.30,0.30,0.00,0.00,0.40,0.40,0.00,0.30,0.50,0.00,0.00,0.00,0.00,0.70,0.00,0.00,0.00,0.00,0.00,0.00,ai-data-mess(0.70)|docs(0.70)|disconnected(0.70)
Zeal Tax,1372,0.00,0.00,0.00,0.00,0.30,0.00,0.00,0.00,0.00,0.00,0.00,0.00,0.00,0.00,0.60,0.80,0.30,0.00,0.00,0.00,0.00,0.00,0.00,0.00,0.00,0.00,0.00,0.30,0.00,0.00,0.00,0.00,0.00,0.00,0.60,0.00,0.00,advisory-charge(0.80)|advisory(0.60)|niche(0.60)
Zoho Corporation,1024,0.30,0.60,0.80,0.30,0.20,0.00,0.00,0.30,0.40,0.30,0.40,0.20,1.00,0.30,0.20,0.00,0.00,0.20,0.20,0.40,0.20,0.40,0.30,0.20,0.30,0.50,0.40,0.00,0.00,0.00,0.20,0.00,0.00,0.00,0.00,0.20,0.00,disconnected(1.00)|mtd-volume(0.80)|ai-data-mess(0.60)
AAT 224,224,0.00,0.00,0.00,0.00,0.00,0.00,0.00,0.00,0.00,0.00,0.00,0.00,0.00,0.00,0.00,0.00,0.00,0.00,0.00,0.00,0.00,0.00,0.00,0.00,0.00,0.00,0.00,0.00,0.00,0.00,0.00,0.00,0.00,0.00,0.00,0.00,0.00,
Accounts Payable Association,241,0.00,0.00,0.00,0.00,0.00,0.30,0.30,0.00,0.00,0.00,0.00,0.00,0.00,0.00,0.00,0.00,0.00,0.00,0.00,0.00,0.00,0.00,0.00,0.30,0.00,0.00,0.00,0.80,0.70,0.30,0.00,0.00,0.00,0.00,0.00,0.00,0.00,cpd(0.80)|career(0.70)|hiring(0.30)
ADP,410,0.00,0.00,0.00,0.00,0.00,0.30,0.60,0.80,0.00,0.00,0.00,0.80,0.30,0.00,0.00,0.00,0.00,0.00,0.00,0.00,0.00,0.60,0.00,0.00,0.30,0.00,0.00,0.00,0.00,0.00,0.00,0.00,0.00,1.00,0.00,0.00,0.00,outsource(1.00)|burnout(0.80)|aml(0.80)
Association of Chartered Certified Accountants,235,0.30,0.00,0.00,0.00,0.00,0.30,0.40,0.00,0.00,0.00,0.00,0.00,0.00,0.00,0.30,0.00,0.00,0.30,0.00,0.30,0.40,0.00,0.00,0.60,0.00,0.00,0.00,1.00,0.90,0.50,0.00,0.00,0.00,0.00,0.00,0.30,0.00,cpd(1.00)|career(0.90)|ai-skills(0.60)
Bluechain,130,0.00,0.00,0.00,0.00,0.30,0.00,0.00,0.20,0.00,0.60,0.30,0.00,0.60,0.00,0.00,0.00,0.00,0.00,0.30,0.00,0.00,0.60,0.00,0.00,0.20,0.60,0.80,0.00,0.00,0.00,0.60,0.00,0.00,0.00,0.00,0.30,0.00,bankfeeds(0.80)|chasing(0.60)|disconnected(0.60)
CA Financial Appointments,141,0.00,0.00,0.00,0.00,0.60,0.80,0.00,0.70,0.00,0.00,0.00,0.00,0.00,0.00,0.00,0.00,0.00,0.00,0.00,0.00,0.00,0.00,0.00,0.00,0.00,0.00,0.00,0.30,0.00,0.00,0.00,0.00,0.00,1.00,0.00,0.30,0.00,outsource(1.00)|hiring(0.80)|burnout(0.70)
Charted,245,0.30,0.60,0.00,0.00,0.00,0.00,0.30,0.60,0.60,0.30,0.60,0.00,0.80,0.60,0.00,0.00,0.00,0.30,0.00,0.00,0.00,0.00,0.30,0.00,0.00,1.00,0.00,0.00,0.00,0.00,0.80,0.00,0.00,0.00,0.00,0.30,0.00,month-end(1.00)|disconnected(0.80)|cashflow(0.80)
Charterpath - Official Charity Partner,434,0.00,0.00,0.00,0.00,0.00,0.60,0.70,0.30,0.00,0.00,0.00,0.00,0.00,0.00,0.00,0.00,0.00,0.00,0.00,0.00,0.00,0.00,0.00,0.50,0.00,0.00,0.00,0.70,0.60,0.40,0.00,0.00,0.00,0.00,0.00,0.00,0.00,retention(0.70)|cpd(0.70)|hiring(0.60)
CIMA,341,0.00,0.00,0.00,0.00,0.30,0.00,0.30,0.00,0.00,0.00,0.00,0.30,0.00,0.00,0.60,0.60,0.00,0.00,0.00,0.00,0.30,0.00,0.00,0.60,0.00,0.00,0.00,0.80,0.80,0.80,0.00,0.00,0.00,0.00,0.30,0.30,0.00,cpd(0.80)|career(0.80)|leadership(0.80)
Cooper Parry Digital,325,0.30,0.40,0.00,0.00,0.40,0.00,0.00,0.50,0.30,0.30,0.20,0.00,0.80,0.60,0.50,0.60,0.60,0.30,0.00,0.00,0.00,0.30,0.30,0.20,0.40,0.80,0.50,0.00,0.00,0.00,0.30,0.60,0.00,0.00,0.00,0.50,0.00,disconnected(0.80)|month-end(0.80)|ai-roi(0.60)
Corpay Complete - That's time well spent,244,0.00,0.00,0.00,0.00,0.00,0.00,0.00,0.30,0.00,0.00,0.00,0.00,0.60,0.00,0.00,0.00,0.00,0.00,0.00,0.00,0.00,0.00,0.00,0.00,0.00,0.60,0.30,0.00,0.00,0.00,0.80,0.00,0.00,0.00,0.00,0.30,0.00,cashflow(0.80)|disconnected(0.60)|month-end(0.60)
Crescit Pay,210,0.30,0.00,0.00,0.00,0.00,0.00,0.00,0.00,0.00,0.00,0.00,0.00,0.40,0.60,0.00,0.00,0.00,0.30,0.00,0.00,0.70,0.00,0.30,0.00,0.00,0.50,0.00,0.00,0.00,0.00,0.00,0.00,0.00,0.00,0.00,0.80,0.00,cross-border(0.80)|frs102(0.70)|ai-roi(0.60)
Crowe,124,0.00,0.00,0.00,0.00,0.20,0.00,0.00,0.30,0.20,0.60,0.40,0.00,0.80,0.00,0.30,0.60,0.60,0.00,0.20,0.00,0.00,0.30,0.00,0.00,0.50,0.80,0.30,0.00,0.00,0.00,0.60,0.00,0.00,0.00,0.00,0.00,0.00,disconnected(0.80)|month-end(0.80)|chasing(0.60)
Cybernet Secure Ltd,501A,0.00,0.00,0.00,0.00,0.00,0.00,0.00,0.00,0.00,0.00,0.70,0.30,0.00,0.00,0.00,0.00,0.00,0.00,1.00,0.00,0.00,0.00,0.30,0.00,0.00,0.00,0.00,0.00,0.00,0.00,0.00,0.00,0.00,0.00,0.00,0.00,0.00,cyber(1.00)|defensible-files(0.70)|aml(0.30)
Diligentsia,131,0.30,0.80,0.00,0.00,0.60,0.00,0.00,0.30,0.80,0.60,0.70,0.00,0.30,0.70,0.80,0.80,0.60,0.30,0.00,0.00,0.00,0.30,0.30,0.00,0.40,0.60,0.00,0.00,0.00,0.00,0.00,0.70,0.80,0.00,0.00,0.00,0.00,ai-data-mess(0.80)|docs(0.80)|advisory(0.80)
DocuWare,320,0.30,0.80,0.30,0.00,0.00,0.00,0.00,0.60,1.00,0.60,0.80,0.30,0.60,0.30,0.00,0.00,0.00,0.30,0.30,0.00,0.00,0.60,0.30,0.00,0.60,0.30,0.00,0.00,0.00,0.00,0.30,0.00,0.00,0.00,0.00,0.00,0.00,docs(1.00)|ai-data-mess(0.80)|defensible-files(0.80)
ERGOS Technologies Limited,415,0.30,0.00,0.00,0.00,0.00,0.00,0.00,0.20,0.00,0.00,0.00,0.00,0.30,0.20,0.00,0.00,0.00,0.30,0.80,0.00,0.00,0.00,0.30,0.20,0.00,0.00,0.00,0.00,0.00,0.00,0.00,0.00,0.00,0.00,0.00,0.00,0.00,cyber(0.80)|ai-start(0.30)|disconnected(0.30)
Fathom,535,0.60,0.70,0.20,0.00,0.80,0.00,0.00,0.30,0.20,0.00,0.00,0.00,0.70,0.80,1.00,0.90,0.30,0.40,0.00,0.00,0.00,0.20,0.30,0.00,0.00,0.80,0.00,0.00,0.00,0.00,0.80,0.00,0.00,0.00,0.00,0.00,0.00,advisory(1.00)|advisory-charge(0.90)|margin(0.80)
Fieldguide,311,0.60,0.30,0.00,0.00,0.70,0.60,0.50,0.60,0.30,0.00,0.80,0.00,0.40,0.80,0.70,0.30,0.00,0.50,0.00,0.00,0.50,0.00,0.50,0.30,0.00,0.00,0.00,0.00,0.00,0.00,0.00,0.00,0.00,0.00,0.00,0.00,0.00,defensible-files(0.80)|ai-roi(0.80)|margin(0.70)
FinQuery,144,0.30,0.60,0.00,0.00,0.30,0.00,0.30,0.40,0.60,0.00,0.70,0.00,0.70,0.60,0.30,0.20,0.00,0.30,0.00,0.00,1.00,0.00,0.40,0.00,0.00,1.00,0.00,0.00,0.00,0.00,0.00,0.00,0.00,0.00,0.00,0.30,0.00,frs102(1.00)|month-end(1.00)|defensible-files(0.70)
FinTags | Xberra Accounts,345,0.30,0.80,0.60,0.00,0.30,0.00,0.00,0.40,0.70,0.00,0.60,0.00,0.30,0.50,0.00,0.00,0.00,0.20,0.00,0.50,0.00,0.00,0.30,0.00,0.00,0.70,0.00,0.00,0.00,0.00,0.00,0.00,0.00,0.00,0.00,0.00,0.00,ai-data-mess(0.80)|docs(0.70)|month-end(0.70)
Fishbowl,565,0.00,0.00,0.00,0.00,0.00,0.00,0.00,0.00,0.00,0.00,0.00,0.00,0.00,0.00,0.00,0.00,0.00,0.00,0.00,0.00,0.00,0.00,0.00,0.00,0.00,0.00,0.00,0.00,0.00,0.00,0.00,0.00,0.00,0.00,0.00,0.00,0.00,
GenFinance.AI: The GenAI Bar,414,0.90,0.30,0.00,0.00,0.20,0.60,0.50,0.40,0.00,0.20,0.00,0.00,0.30,0.80,0.00,0.00,0.00,0.95,0.00,0.00,0.00,0.00,0.60,0.90,0.00,0.30,0.00,0.80,0.70,0.50,0.00,0.00,0.00,0.00,0.00,0.00,0.00,ai-team(0.95)|ai-start(0.90)|ai-skills(0.90)
Global Credit Recoveries,130,0.00,0.00,0.00,0.00,0.60,0.00,0.00,0.30,0.00,0.80,0.00,0.00,0.00,0.00,0.00,0.00,0.00,0.00,0.00,0.00,0.00,0.00,0.00,0.00,0.00,0.00,0.00,0.00,0.00,0.00,0.80,0.00,0.00,0.70,0.00,0.60,0.00,chasing(0.80)|cashflow(0.80)|outsource(0.70)
Hornblower Business Brokers,226,0.00,0.00,0.00,0.00,0.30,0.00,0.00,0.00,0.00,0.00,0.00,0.00,0.00,0.00,0.30,0.60,0.00,0.00,0.00,0.00,0.00,0.00,0.00,0.00,0.00,0.00,0.00,0.00,0.00,0.00,0.00,0.60,1.00,0.00,0.30,0.30,0.00,exit(1.00)|advisory-charge(0.60)|pe(0.60)
Institute of Financial Operations and Leadership,100,0.00,0.00,0.00,0.00,0.00,0.30,0.60,0.00,0.00,0.00,0.00,0.00,0.00,0.00,0.00,0.00,0.00,0.00,0.00,0.00,0.00,0.00,0.00,0.60,0.00,0.00,0.00,0.80,0.70,0.60,0.30,0.00,0.00,0.00,0.00,0.00,0.00,cpd(0.80)|career(0.70)|retention(0.60)
Laurel,521,0.30,0.60,0.00,0.00,0.80,0.00,0.30,0.60,0.00,0.00,0.00,0.00,0.30,0.80,0.00,0.00,0.00,0.30,0.00,0.00,0.00,0.00,0.30,0.00,0.00,0.00,0.00,0.00,0.00,0.00,0.00,0.00,0.00,0.00,0.00,0.00,0.00,margin(0.80)|ai-roi(0.80)|ai-data-mess(0.60)
Lucanet,420,0.30,0.60,0.00,0.00,0.00,0.00,0.00,0.30,0.40,0.00,0.50,0.00,0.80,0.70,0.00,0.00,0.00,0.40,0.30,0.00,0.60,0.00,0.50,0.30,0.00,0.80,0.60,0.00,0.00,0.00,0.60,0.00,0.00,0.00,0.00,0.30,0.00,disconnected(0.80)|month-end(0.80)|ai-roi(0.70)
Metro Bank,214,0.00,0.00,0.00,0.00,0.00,0.00,0.00,0.00,0.00,0.00,0.00,0.20,0.00,0.00,0.00,0.00,0.00,0.00,0.30,0.00,0.00,0.00,0.00,0.00,0.00,0.00,0.60,0.00,0.00,0.00,0.60,0.00,0.00,0.00,0.00,0.60,0.00,bankfeeds(0.60)|cashflow(0.60)|cross-border(0.60)
Mindful Education,221,0.00,0.00,0.00,0.00,0.00,0.30,0.60,0.00,0.00,0.00,0.00,0.00,0.00,0.00,0.00,0.00,0.00,0.00,0.00,0.00,0.00,0.00,0.00,0.80,0.00,0.00,0.00,1.00,0.60,0.60,0.00,0.00,0.00,0.00,0.00,0.00,0.00,cpd(1.00)|ai-skills(0.80)|retention(0.60)
MRC (UK) LTD,240,0.30,0.60,0.00,0.00,0.30,0.00,0.00,0.40,0.50,0.60,0.30,0.00,0.70,0.30,0.40,0.70,0.70,0.20,0.00,0.00,0.00,0.70,0.20,0.30,0.50,0.40,0.00,0.00,0.00,0.00,0.30,0.00,0.00,0.00,0.00,0.00,0.00,disconnected(0.70)|advisory-charge(0.70)|winning(0.70)
Neum Insolvency,120,0.00,0.00,0.00,0.00,0.30,0.00,0.00,0.00,0.00,0.00,0.60,0.60,0.00,0.00,0.80,0.80,0.30,0.00,0.00,0.00,0.00,0.00,0.00,0.00,0.00,0.00,0.00,0.00,0.00,0.00,0.30,0.00,0.30,0.00,0.00,0.30,0.00,advisory(0.80)|advisory-charge(0.80)|defensible-files(0.60)
New Results,440,0.00,0.00,0.00,0.00,0.60,0.00,0.80,0.60,0.00,0.00,0.00,0.00,0.00,0.00,0.60,0.60,0.30,0.00,0.00,0.00,0.00,0.00,0.00,0.30,0.00,0.00,0.00,1.00,0.80,1.00,0.00,0.00,0.00,0.00,0.30,0.00,0.00,cpd(1.00)|leadership(1.00)|retention(0.80)
Nolan Business Solutions,531,0.30,0.60,0.00,0.00,0.00,0.00,0.00,0.30,0.40,0.00,0.50,0.00,0.80,0.50,0.00,0.00,0.00,0.30,0.30,0.00,0.00,0.00,0.40,0.30,0.00,1.00,0.60,0.30,0.00,0.00,0.70,0.00,0.00,0.00,0.00,0.30,0.00,month-end(1.00)|disconnected(0.80)|cashflow(0.70)
Octopus Electric Vehicles,541,0.00,0.00,0.00,0.00,0.30,0.60,0.60,0.00,0.00,0.00,0.00,0.00,0.00,0.00,0.00,0.00,0.00,0.00,0.00,0.00,0.00,0.00,0.00,0.00,0.00,0.00,0.00,0.00,0.00,0.00,0.00,0.00,0.00,0.00,0.00,0.00,0.00,hiring(0.60)|retention(0.60)|margin(0.30)
OneTouch Leasing,344,0.00,0.00,0.00,0.00,0.00,0.00,0.00,0.00,0.00,0.00,0.00,0.00,0.00,0.00,0.00,0.00,0.00,0.00,0.00,0.00,1.00,0.00,0.00,0.00,0.00,0.00,0.00,0.00,0.00,0.00,0.00,0.00,0.00,0.00,0.00,0.00,0.00,frs102(1.00)
Paraglide,501B,0.60,0.30,0.00,0.00,0.40,0.00,0.00,0.50,0.20,0.80,0.30,0.00,0.30,0.70,0.00,0.00,0.00,0.40,0.20,0.00,0.00,0.10,0.30,0.00,0.00,0.00,0.00,0.00,0.00,0.00,0.80,0.00,0.00,0.20,0.00,0.00,0.00,chasing(0.80)|cashflow(0.80)|ai-roi(0.70)
Payhawk,310,0.30,0.20,0.00,0.00,0.40,0.00,0.00,0.30,0.20,0.20,0.40,0.00,0.60,0.30,0.00,0.00,0.00,0.20,0.30,0.00,0.00,0.30,0.50,0.00,0.20,0.60,0.40,0.00,0.00,0.00,0.50,0.00,0.00,0.00,0.00,0.30,0.00,disconnected(0.60)|month-end(0.60)|ai-govern(0.50)
Quadient,444,0.30,0.20,0.00,0.00,0.60,0.00,0.00,0.40,0.30,0.70,0.20,0.00,0.50,0.40,0.00,0.00,0.00,0.20,0.30,0.00,0.00,0.60,0.20,0.00,0.30,0.50,0.40,0.00,0.00,0.00,0.80,0.00,0.00,0.00,0.00,0.20,0.00,cashflow(0.80)|chasing(0.70)|margin(0.60)
Rsult,340,0.00,0.00,0.00,0.00,0.30,0.00,0.00,0.20,0.30,0.40,0.20,0.00,0.60,0.00,0.30,0.60,0.60,0.00,0.20,0.00,0.30,0.30,0.00,0.00,0.40,0.80,0.30,0.00,0.00,0.00,0.30,0.00,0.00,0.00,0.00,0.20,0.00,month-end(0.80)|disconnected(0.60)|advisory-charge(0.60)
ScaleXP,545,0.30,0.70,0.00,0.00,0.40,0.00,0.00,0.40,0.30,0.00,0.20,0.00,0.60,0.60,0.10,0.40,0.30,0.20,0.00,0.00,0.00,0.20,0.10,0.00,0.00,1.00,0.10,0.00,0.00,0.00,0.30,0.00,0.00,0.00,0.00,0.00,0.00,month-end(1.00)|ai-data-mess(0.70)|disconnected(0.60)
Sequence,315,0.30,0.00,0.00,0.00,0.60,0.00,0.00,0.30,0.00,0.80,0.30,0.00,0.30,0.60,0.00,0.00,0.00,0.00,0.00,0.00,0.00,0.30,0.00,0.00,0.30,0.00,0.00,0.00,0.00,0.00,0.80,0.00,0.00,0.00,0.00,0.00,0.00,chasing(0.80)|cashflow(0.80)|margin(0.60)
Sis ID,430,0.00,0.00,0.00,0.00,0.00,0.00,0.00,0.00,0.00,0.00,0.00,0.80,0.60,0.00,0.00,0.00,0.00,0.00,0.70,0.00,0.00,0.00,0.00,0.00,0.30,0.60,0.60,0.00,0.00,0.00,0.70,0.00,0.00,0.00,0.00,0.30,0.00,aml(0.80)|cyber(0.70)|cashflow(0.70)
Spendesk,220,0.60,0.60,0.00,0.00,0.30,0.00,0.00,0.30,0.60,0.60,0.30,0.00,0.60,0.60,0.00,0.00,0.00,0.30,0.00,0.00,0.00,0.30,0.30,0.00,0.30,0.80,0.30,0.00,0.00,0.00,0.80,0.00,0.00,0.00,0.00,0.00,0.00,month-end(0.80)|cashflow(0.80)|ai-start(0.60)
Spinal,515,0.60,0.30,0.00,0.00,0.70,0.00,0.00,0.60,0.00,1.00,0.30,0.00,0.60,0.80,0.00,0.00,0.00,0.30,0.00,0.00,0.00,0.00,0.30,0.00,0.00,0.50,0.00,0.00,0.00,0.00,0.90,0.00,0.00,0.00,0.00,0.00,0.00,chasing(1.00)|cashflow(0.90)|ai-roi(0.80)
TaxConnex,140,0.00,0.00,0.00,0.00,0.00,0.00,0.00,0.00,0.00,0.00,0.00,0.00,0.00,0.00,0.00,0.00,0.00,0.00,0.00,0.00,0.00,0.30,0.00,0.00,0.00,0.00,0.00,0.00,0.00,0.00,0.00,0.00,0.00,0.00,0.00,0.60,0.00,cross-border(0.60)|portal(0.30)
TD SYNNEX,460,0.30,0.00,0.00,0.00,0.00,0.00,0.00,0.00,0.20,0.30,0.00,0.00,0.60,0.00,0.00,0.60,0.60,0.00,0.20,0.00,0.00,0.30,0.00,0.00,0.20,0.60,0.00,0.00,0.00,0.00,0.00,0.00,0.00,0.00,0.00,0.00,0.00,disconnected(0.60)|advisory-charge(0.60)|winning(0.60)
The CFO Centre Group Ltd,445,0.00,0.00,0.00,0.00,0.30,0.00,0.00,0.00,0.00,0.00,0.00,0.00,0.00,0.00,0.60,0.60,0.00,0.00,0.00,0.00,0.00,0.00,0.00,0.00,0.00,0.80,0.00,0.00,0.00,0.30,0.80,0.60,0.80,0.00,0.00,0.30,0.00,month-end(0.80)|cashflow(0.80)|exit(0.80)
The Electric Car Scheme,424,0.00,0.00,0.00,0.00,0.30,0.60,0.70,0.00,0.00,0.00,0.00,0.00,0.00,0.00,0.00,0.00,0.30,0.00,0.00,0.00,0.00,0.00,0.00,0.00,0.00,0.00,0.00,0.00,0.00,0.00,0.00,0.00,0.00,0.00,0.00,0.00,0.00,retention(0.70)|hiring(0.60)|margin(0.30)
The Order to Cash Laboratory Ltd,130,0.30,0.60,0.00,0.00,0.30,0.00,0.00,0.00,0.30,0.00,0.00,0.00,0.60,0.60,0.80,0.30,0.00,0.60,0.00,0.00,0.00,0.00,0.30,0.00,0.00,0.80,0.00,0.60,0.00,0.30,0.80,0.00,0.00,0.00,0.00,0.00,0.00,advisory(0.80)|month-end(0.80)|cashflow(0.80)
Thrive Operations Ltd,464,0.00,0.00,0.00,0.00,0.00,0.00,0.00,0.00,0.00,0.00,0.00,0.00,0.00,0.00,0.00,0.00,0.00,0.00,0.00,0.00,0.00,0.00,0.00,0.00,0.00,0.00,0.00,0.00,0.00,0.00,0.00,0.00,0.00,0.00,0.00,0.00,0.00,
Vision33,314,0.60,0.70,0.00,0.00,0.00,0.00,0.00,0.30,0.40,0.00,0.50,0.00,0.80,0.60,0.00,0.60,0.30,0.40,0.00,0.00,0.00,0.30,0.40,0.00,0.30,0.80,0.30,0.00,0.00,0.00,0.40,0.00,0.00,0.00,0.00,0.30,0.00,disconnected(0.80)|month-end(0.80)|ai-data-mess(0.70)
Webexpenses,525,0.00,0.00,0.00,0.00,0.30,0.00,0.00,0.30,0.00,0.80,0.60,0.00,0.30,0.00,0.00,0.00,0.00,0.00,0.00,0.00,0.00,0.30,0.00,0.00,0.00,0.60,0.00,0.00,0.00,0.00,0.30,0.00,0.00,0.00,0.00,0.00,0.00,chasing(0.80)|defensible-files(0.60)|month-end(0.60)
WMA,134,0.00,0.60,0.00,0.00,0.30,0.00,0.00,0.30,0.40,0.50,0.60,0.00,0.30,0.70,0.00,0.00,0.00,0.30,0.00,0.00,0.00,0.00,0.00,0.00,0.00,0.60,0.00,0.00,0.00,0.00,0.70,0.00,0.00,0.00,0.00,0.00,0.00,ai-roi(0.70)|cashflow(0.70)|ai-data-mess(0.60)
Wolters Kluwer,114,0.00,0.20,0.70,0.30,0.20,0.00,0.00,0.20,0.30,0.00,0.60,0.40,0.30,0.00,0.20,0.00,0.00,0.00,0.20,0.60,0.40,0.00,0.00,0.00,0.20,0.40,0.00,0.00,0.00,0.00,0.00,0.00,0.00,0.00,0.00,0.30,0.20,mtd-volume(0.70)|defensible-files(0.60)|penalties(0.60)
Women in Banking and Finance,200,0.00,0.00,0.00,0.00,0.60,0.80,0.80,0.60,0.00,0.00,0.00,0.00,0.00,0.00,0.00,0.00,0.00,0.00,0.00,0.00,0.00,0.00,0.00,0.30,0.00,0.00,0.00,0.60,0.80,0.80,0.00,0.00,0.00,0.00,0.00,0.00,0.00,hiring(0.80)|retention(0.80)|career(0.80)
Workday,324,0.30,0.60,0.00,0.00,0.00,0.00,0.30,0.20,0.30,0.00,0.40,0.00,0.80,0.60,0.00,0.00,0.00,0.30,0.20,0.00,0.00,0.00,0.40,0.20,0.00,0.80,0.30,0.00,0.00,0.00,0.70,0.00,0.00,0.00,0.00,0.20,0.00,disconnected(0.80)|month-end(0.80)|cashflow(0.70)
Yooz E-Invoicing & Purchase-to-Pay Automation,110,0.30,0.60,0.00,0.00,0.30,0.00,0.00,0.40,0.80,0.30,0.60,0.00,0.40,0.70,0.00,0.00,0.00,0.30,0.40,0.00,0.00,0.30,0.40,0.00,0.40,0.50,0.00,0.00,0.00,0.00,0.60,0.00,0.00,0.00,0.00,0.30,0.00,docs(0.80)|ai-roi(0.70)|ai-data-mess(0.60)
Accounting Bookkeepers UK Ltd,1373,0.00,0.00,0.30,0.00,0.00,0.00,0.00,0.00,0.00,0.30,0.00,0.00,0.00,0.00,0.00,0.00,0.00,0.00,0.00,0.00,0.00,0.00,0.00,0.00,0.00,0.30,0.00,0.00,0.00,0.00,0.00,0.00,0.00,0.00,0.00,0.00,0.00,mtd-volume(0.30)|chasing(0.30)|month-end(0.30)
Association of Accounting Technicians,224,0.00,0.00,0.00,0.30,0.00,0.30,0.60,0.00,0.00,0.00,0.00,0.00,0.00,0.00,0.00,0.00,0.00,0.00,0.00,0.00,0.00,0.00,0.00,0.80,0.00,0.00,0.00,1.00,0.80,0.30,0.00,0.00,0.00,0.00,0.00,0.00,0.00,cpd(1.00)|ai-skills(0.80)|career(0.80)
Everest ERP,520,0.60,0.70,0.30,0.00,0.40,0.00,0.00,0.50,0.60,0.50,0.60,0.20,0.80,0.60,0.00,0.00,0.00,0.50,0.20,0.00,0.00,0.30,0.50,0.40,0.50,0.80,0.40,0.00,0.00,0.00,0.60,0.00,0.00,0.00,0.00,0.50,0.00,disconnected(0.80)|month-end(0.80)|ai-data-mess(0.70)
Hartley by Clarity HQ,1475,0.60,0.70,0.00,0.00,0.80,0.00,0.00,0.30,0.00,0.00,0.00,0.00,0.30,0.80,1.00,0.80,0.30,0.30,0.00,0.00,0.00,0.00,0.30,0.30,0.00,0.00,0.00,0.00,0.00,0.00,0.00,0.00,0.00,0.00,0.00,0.00,0.00,advisory(1.00)|margin(0.80)|ai-roi(0.80)
Market Intelligence Hub,970,0.60,0.30,0.40,0.30,0.50,0.40,0.40,0.20,0.00,0.00,0.00,0.20,0.30,0.70,0.50,0.30,0.50,0.40,0.20,0.40,0.30,0.00,0.40,0.50,0.00,0.20,0.00,0.60,0.40,0.50,0.30,0.40,0.30,0.40,0.50,0.30,0.20,ai-roi(0.70)|ai-start(0.60)|cpd(0.60)
National CRC Group Limited 1074,1074,0.00,0.00,0.00,0.00,0.00,0.00,0.00,0.00,0.00,0.00,0.00,0.00,0.00,0.00,0.00,0.00,0.00,0.00,0.00,0.00,0.00,0.00,0.00,0.00,0.00,0.00,0.00,0.00,0.00,0.00,0.00,0.00,0.00,0.00,0.00,0.00,0.00,
Nume - The AI CFO for accountants,1942,0.60,0.70,0.30,0.00,0.70,0.60,0.30,0.60,0.20,0.00,0.00,0.00,0.40,0.80,0.80,0.70,0.60,0.50,0.00,0.00,0.00,0.30,0.30,0.20,0.00,0.80,0.00,0.00,0.00,0.00,0.60,0.00,0.00,0.00,0.00,0.00,0.00,ai-roi(0.80)|advisory(0.80)|month-end(0.80)
The 15-Minute Guy,1762,0.00,0.00,0.00,0.00,0.60,0.30,0.30,0.00,0.00,0.00,0.00,0.00,0.00,0.00,0.60,0.60,0.80,0.00,0.00,0.00,0.00,0.00,0.00,0.00,0.00,0.00,0.00,0.30,0.70,0.00,0.00,0.00,0.00,0.00,0.60,0.00,0.00,winning(0.80)|career(0.70)|margin(0.60)